customer_id,age,gender,region,education_level,employment_type,annual_income,loan_amount,loan_purpose,credit_score,repayment_history,transaction_count,spending_ratio,join_date,default_flag
CUST1000,59.0,Other,North,Graduate,Salaried,778076.63,308847.63,Home,603.0,0,179,55.69,2023-06-27 07:33:00,0
CUST1001,49.0,Female,East,Graduate,Salaried,715041.0,367030.88,Home,672.0,10,48,10.72,2017-06-24 15:17:32,1
CUST1002,35.0,Female,West,Post-Graduate,Salaried,700133.14,248617.62,Other,656.0,1,148,30.62,2022-11-05 08:27:53,0
CUST1003,63.0,Female,North,Secondary,,609954.74,325569.57,Other,,5,45,42.55,2016-01-07 10:41:09,0
CUST1004,28.0,Female,North,Graduate,Unemployed,601412.63,155590.12,Business,671.0,5,61,46.81,2019-03-13 07:12:07,1
CUST1005,41.0,Male,West,Graduate,Salaried,467935.77,269008.31,Education,705.0,2,40,33.81,2020-03-18 16:40:03,1
CUST1006,59.0,Male,West,Graduate,Salaried,739765.68,391532.43,Home,680.0,11,42,12.64,2015-07-28 23:58:16,0
CUST1007,39.0,Male,South,Graduate,Salaried,684194.59,323545.94,Other,695.0,3,150,57.21,2016-10-30 20:31:39,0
CUST1008,43.0,Female,East,Graduate,Self-Employed,698403.77,212020.31,Home,771.0,11,155,51.93,2016-10-08 17:47:39,1
CUST1009,31.0,Female,West,Post-Graduate,Salaried,494793.03,333632.46,Other,663.0,1,178,32.64,2020-01-05 02:53:34,0
CUST1010,31.0,Male,West,Secondary,Salaried,507994.26,814382.94,Car,,1,67,13.04,2020-12-08 23:28:06,0
CUST1011,44.0,Female,East,Secondary,Salaried,,-7491.19,Home,655.0,6,193,89.57,2018-05-07 19:10:14,0
CUST1012,56.0,Female,West,Graduate,Salaried,504232.51,473861.11,Car,638.0,0,161,48.56,2021-09-12 15:52:53,0
CUST1013,60.0,Male,West,Graduate,Salaried,427444.85,249561.79,Home,651.0,6,137,70.48,2015-01-15 19:22:52,0
CUST1014,44.0,Male,South,Secondary,Salaried,738695.78,363823.49,Education,656.0,11,40,46.19,2018-04-27 11:35:24,0
CUST1015,23.0,Female,North,Primary,Salaried,521597.47,479587.04,Business,698.0,11,64,13.45,2022-05-03 10:12:36,1
CUST1016,42.0,Female,North,Primary,Salaried,811987.28,94248.95,Car,797.0,0,19,34.77,2017-04-23 11:18:18,0
CUST1017,22.0,Female,North,Post-Graduate,Salaried,723401.19,193583.85,Other,644.0,5,197,35.61,2021-08-29 10:46:42,0
CUST1018,44.0,Female,North,Secondary,Self-Employed,2210141.58,513435.4,Education,659.0,2,139,77.07,2016-11-07 07:55:40,0
CUST1019,64.0,Female,West,Secondary,Salaried,326808.86,182436.97,Home,677.0,7,24,62.34,2022-05-02 18:12:19,1
CUST1020,50.0,Female,East,Secondary,Salaried,842388.8,560240.49,Car,700.0,5,12,32.03,2018-09-17 07:13:06,0
CUST1021,58.0,Female,East,Secondary,Salaried,652250.11,171484.19,Home,693.0,10,52,87.42,2023-01-09 11:41:14,0
CUST1022,22.0,Female,South,Primary,Unemployed,526144.57,216667.98,Home,744.0,1,168,35.72,2015-02-05 15:14:42,0
CUST1023,41.0,Male,South,Graduate,Salaried,628677.69,330658.35,Home,559.0,7,76,89.86,2017-12-24 08:45:15,0
CUST1024,53.0,Male,West,Primary,,244752.95,119677.57,Business,561.0,4,65,89.69,2023-06-02 18:00:37,1
CUST1025,32.0,Male,East,Post-Graduate,Self-Employed,681730.56,240647.89,Business,655.0,7,72,25.3,2020-05-18 19:36:22,0
CUST1026,42.0,Female,East,Secondary,,394125.7,347617.99,Other,735.0,7,24,35.02,2022-08-11 15:50:16,0
CUST1027,64.0,Female,North,Graduate,Salaried,329465.94,250070.94,Car,602.0,5,118,48.88,2023-05-20 02:00:54,0
CUST1028,45.0,Female,West,Post-Graduate,Salaried,295528.16,285991.97,Education,530.0,1,125,63.13,2016-10-31 18:27:09,0
CUST1029,47.0,Male,West,Graduate,Self-Employed,822537.67,220600.18,Education,709.0,7,101,52.24,2017-08-20 09:01:20,0
CUST1030,62.0,Male,North,Graduate,Salaried,474147.32,72829.45,Education,692.0,10,147,87.56,2020-02-24 01:10:39,0
CUST1031,48.0,Male,West,Secondary,Self-Employed,906745.54,348238.98,Home,625.0,5,175,67.92,2021-11-23 12:26:38,0
CUST1032,36.0,Male,West,Secondary,Unemployed,492839.71,563239.96,Business,631.0,5,56,26.96,2021-03-13 19:56:25,0
CUST1033,35.0,Female,South,Graduate,Salaried,258528.41,302760.24,Car,632.0,7,66,18.41,2023-11-16 22:35:56,0
CUST1034,64.0,Male,East,Post-Graduate,Salaried,376695.11,333789.62,Home,686.0,0,59,65.07,2015-11-06 16:37:24,0
CUST1035,23.0,Male,West,Graduate,Salaried,847162.32,403908.41,Business,649.0,1,80,22.68,2015-11-17 22:45:37,0
CUST1036,57.0,Female,South,Graduate,Salaried,568820.36,109600.43,Business,705.0,11,152,73.01,2015-12-12 14:24:43,0
CUST1037,27.0,Male,East,Graduate,Salaried,490342.54,555377.2,Car,537.0,11,155,34.88,2017-11-05 10:01:06,0
CUST1038,41.0,Female,North,Graduate,Unemployed,632003.65,330349.32,Car,637.0,8,91,36.15,2020-06-22 00:52:54,0
CUST1039,29.0,Female,South,Primary,Self-Employed,700356.55,544778.53,Car,624.0,10,125,10.86,2022-09-10 09:50:40,1
CUST1040,59.0,Male,South,Graduate,Self-Employed,823479.76,190045.05,Home,667.0,11,114,66.08,2022-09-10 00:48:32,0
CUST1041,38.0,Female,East,Post-Graduate,Salaried,889699.85,572709.29,Other,653.0,7,97,19.06,2017-03-03 16:10:12,0
CUST1042,24.0,Female,North,Secondary,Self-Employed,528046.27,416273.32,Car,720.0,11,11,71.83,2015-06-23 16:12:43,1
CUST1043,45.0,Female,South,Graduate,Unemployed,334790.46,382956.01,Other,587.0,6,113,49.35,2023-12-02 21:02:24,1
CUST1044,34.0,Male,West,Secondary,Self-Employed,517306.97,335103.67,Home,682.0,6,93,72.74,2018-11-07 06:43:50,1
CUST1045,,Female,West,Graduate,Salaried,652056.1,262720.71,Other,708.0,4,52,56.71,2019-03-19 05:35:56,0
CUST1046,46.0,Female,West,Primary,Self-Employed,407248.21,480079.75,Education,773.0,1,163,16.59,2015-10-27 23:03:26,0
CUST1047,22.0,Male,North,Graduate,Salaried,408569.82,321053.98,Other,656.0,10,80,71.25,2015-11-02 13:30:56,0
CUST1048,40.0,Male,South,Graduate,Salaried,668757.58,4939.54,Car,696.0,5,175,15.58,2020-07-30 10:28:49,0
CUST1049,48.0,Other,West,Secondary,Salaried,590269.53,132422.03,Home,590.0,9,103,48.3,2020-01-06 22:28:54,0
CUST1050,27.0,Female,North,Graduate,Self-Employed,606559.4,272123.14,Car,560.0,2,51,23.79,2022-09-21 04:16:53,1
CUST1051,64.0,Male,West,Graduate,Self-Employed,448300.93,346499.85,Education,722.0,3,142,70.19,2022-06-06 08:09:47,0
CUST1052,28.0,Female,East,Post-Graduate,Salaried,553919.86,291511.73,Car,,9,148,82.93,2023-01-22 20:05:30,0
CUST1053,55.0,Male,South,Secondary,Salaried,415153.37,482845.62,Car,739.0,11,74,54.33,2023-06-03 01:53:47,1
CUST1054,34.0,Male,South,Secondary,Salaried,778039.68,7334.72,Car,611.0,10,43,52.17,2023-04-06 03:20:24,0
CUST1055,37.0,Male,North,Secondary,Salaried,807049.87,321538.19,Business,706.0,1,129,71.12,2017-05-14 01:39:15,0
CUST1056,56.0,Male,North,Post-Graduate,Salaried,230762.43,27303.12,Education,773.0,1,10,10.41,2019-02-11 00:02:55,0
CUST1057,60.0,Male,South,Post-Graduate,Salaried,,413956.84,Car,701.0,11,139,83.42,2015-01-27 01:22:27,0
CUST1058,24.0,Male,West,Graduate,Self-Employed,300694.15,285831.19,Car,694.0,7,157,25.8,2020-03-27 03:26:41,0
CUST1059,22.0,Female,West,Post-Graduate,Salaried,469995.21,362941.5,Car,680.0,7,70,88.73,2023-08-29 08:31:26,1
CUST1060,26.0,Male,East,Graduate,Salaried,583312.41,170417.56,Home,,9,158,68.9,2019-11-13 22:47:17,1
CUST1061,62.0,Male,West,Graduate,Salaried,310070.96,491919.74,Business,748.0,5,97,71.94,2015-03-19 13:44:05,1
CUST1062,,Female,North,Primary,Unemployed,415628.04,456258.7,Home,649.0,4,77,62.5,2018-11-04 03:39:32,0
CUST1063,,Male,North,Graduate,Self-Employed,399208.53,387531.65,Business,705.0,7,136,47.73,2019-07-13 16:03:10,1
CUST1064,38.0,Female,West,Secondary,Self-Employed,641453.47,280572.41,Car,602.0,3,149,55.73,2020-01-08 05:37:50,0
CUST1065,46.0,Male,North,Post-Graduate,Salaried,613868.87,386978.59,Education,621.0,10,31,13.71,2019-03-14 13:42:45,0
CUST1066,64.0,Male,South,Graduate,Salaried,455652.49,193966.11,Other,752.0,3,157,59.92,2016-02-06 03:08:00,0
CUST1067,54.0,Male,South,Graduate,Salaried,635364.17,428333.35,Other,663.0,4,91,60.09,2019-12-02 23:21:12,0
CUST1068,30.0,Male,West,Primary,Self-Employed,490663.98,547422.13,Car,753.0,0,138,81.3,2023-10-12 16:46:49,0
CUST1069,56.0,Male,South,Secondary,Unemployed,545668.98,460591.58,Home,,0,39,50.45,2015-12-02 05:39:54,0
CUST1070,34.0,Male,South,Secondary,Self-Employed,934690.42,190559.63,Education,588.0,1,135,16.17,2022-07-08 21:12:23,0
CUST1071,51.0,Male,East,Secondary,,868092.21,354212.6,Business,725.0,7,106,34.5,2019-07-15 12:07:45,0
CUST1072,35.0,Male,East,Primary,Self-Employed,340083.75,106028.77,Car,651.0,6,33,62.45,2020-02-22 10:06:36,0
CUST1073,28.0,Male,South,Post-Graduate,Salaried,765946.48,385858.55,Education,715.0,9,23,29.14,2016-11-09 00:58:11,0
CUST1074,34.0,Male,West,Graduate,Unemployed,762279.31,367590.51,Education,681.0,8,45,32.44,2022-03-30 13:23:41,0
CUST1075,43.0,Male,East,Secondary,Salaried,370347.34,19527.55,Business,603.0,4,33,75.64,2017-10-28 22:39:37,0
CUST1076,60.0,Female,North,Secondary,Salaried,763755.53,125732.42,Education,688.0,1,197,56.75,2015-01-05 02:23:02,0
CUST1077,41.0,Female,North,Graduate,Salaried,907586.38,257529.17,Home,790.0,6,104,50.68,2020-06-24 07:55:58,0
CUST1078,36.0,Male,North,Graduate,Salaried,375491.04,254871.04,Home,705.0,7,64,35.48,2021-03-24 09:15:19,0
CUST1079,38.0,Female,West,Graduate,Salaried,416499.44,118578.46,Home,677.0,11,33,68.47,2016-09-03 10:54:10,0
CUST1080,44.0,Female,South,Post-Graduate,Salaried,803532.29,358346.81,Education,734.0,6,161,33.02,2016-05-24 02:12:52,1
CUST1081,46.0,Male,North,Graduate,Salaried,654299.06,337721.04,Home,691.0,6,191,68.97,2021-04-11 13:59:29,0
CUST1082,45.0,Female,West,Post-Graduate,Salaried,710295.26,270859.63,Business,690.0,11,35,15.61,2019-11-01 20:19:59,0
CUST1083,61.0,Female,East,Post-Graduate,Salaried,668117.84,186631.27,Education,625.0,4,89,79.16,2019-06-23 14:29:10,0
CUST1084,49.0,Male,South,Secondary,Salaried,,457306.07,Other,692.0,1,175,49.97,2019-12-17 19:56:23,0
CUST1085,35.0,Male,East,Post-Graduate,Salaried,334705.57,548311.07,Education,732.0,5,74,45.08,2016-07-19 06:15:04,0
CUST1086,21.0,Female,West,Secondary,Salaried,809463.54,227465.78,Business,638.0,3,84,58.88,2015-12-10 03:56:26,0
CUST1087,45.0,Female,North,Post-Graduate,,833918.0,208174.96,Other,751.0,9,188,59.94,2019-09-06 11:50:14,0
CUST1088,27.0,Male,North,Secondary,,554121.85,373681.15,Education,675.0,1,172,20.56,2022-07-13 14:06:49,1
CUST1089,29.0,Male,West,Post-Graduate,Self-Employed,591304.61,246295.59,Home,636.0,11,52,70.5,2020-06-05 11:30:38,0
CUST1090,44.0,Male,North,Post-Graduate,Self-Employed,293778.5,279090.42,Car,730.0,8,38,32.07,2016-12-22 13:11:05,0
CUST1091,21.0,Female,South,Post-Graduate,Salaried,702850.95,410947.97,Car,666.0,6,174,82.4,2016-04-02 09:06:04,1
CUST1092,64.0,Female,West,Graduate,Self-Employed,,13596.59,Home,718.0,5,90,75.43,2015-04-23 06:22:35,0
CUST1093,28.0,Male,East,Secondary,,587561.8,497745.35,Car,665.0,11,195,37.7,2018-09-17 20:04:08,1
CUST1094,44.0,Male,West,Primary,Salaried,824870.67,310902.08,Car,677.0,4,63,74.62,2022-11-19 23:31:55,0
CUST1095,31.0,Female,South,Graduate,Self-Employed,533184.55,238276.03,Home,705.0,2,48,38.51,2022-06-29 19:35:13,0
CUST1096,37.0,Male,South,Secondary,Salaried,712921.19,286614.88,Home,695.0,11,51,18.08,2021-07-01 20:55:36,1
CUST1097,28.0,Male,West,Graduate,Self-Employed,396067.13,294364.4,Education,580.0,9,165,86.95,2016-02-25 03:01:26,1
CUST1098,55.0,Female,West,Secondary,,595289.57,40319.8,Education,624.0,9,38,62.21,2018-08-09 16:05:19,1
CUST1099,55.0,Female,North,Post-Graduate,Self-Employed,565129.15,524240.73,Home,726.0,3,180,46.49,2019-05-10 10:52:26,0
CUST1100,53.0,Female,South,Graduate,Unemployed,,306198.84,Business,673.0,2,140,41.82,2023-11-15 02:34:16,1
CUST1101,25.0,Female,West,Post-Graduate,Salaried,526094.61,366450.32,Car,654.0,11,147,35.98,2017-04-28 18:29:22,1
CUST1102,62.0,Male,West,Secondary,,573705.48,442732.47,Education,,10,196,88.52,2019-11-01 19:17:21,0
CUST1103,59.0,Male,South,Post-Graduate,Salaried,765209.43,146825.63,Car,626.0,7,151,20.78,2020-12-07 03:33:01,0
CUST1104,61.0,Female,West,Post-Graduate,Salaried,512647.15,371020.78,Other,579.0,2,184,35.18,2017-02-06 21:30:04,0
CUST1105,48.0,Male,North,Graduate,Self-Employed,278684.58,259853.84,Home,675.0,6,51,48.84,2018-12-01 13:24:01,1
CUST1106,27.0,Male,South,Graduate,Self-Employed,949916.78,427015.62,Business,650.0,6,103,48.24,2023-04-08 02:54:39,0
CUST1107,29.0,Male,North,Graduate,Self-Employed,876290.82,-19084.11,Other,632.0,6,169,47.71,2016-08-22 00:13:39,0
CUST1108,28.0,Male,North,Secondary,Salaried,341547.46,285135.85,Other,677.0,6,41,24.06,2018-01-09 16:12:51,0
CUST1109,32.0,Male,North,Graduate,Salaried,737941.56,209576.9,Other,698.0,1,179,21.59,2016-11-08 15:57:44,0
CUST1110,54.0,Male,North,Secondary,Salaried,499405.05,364839.44,Home,785.0,9,169,30.38,2021-02-03 10:46:11,0
CUST1111,53.0,Male,South,Secondary,Salaried,,370506.63,Education,604.0,2,35,83.16,2020-07-30 14:30:29,0
CUST1112,43.0,Male,North,Secondary,Self-Employed,658844.83,193856.12,Home,738.0,9,124,19.04,2022-05-10 17:19:33,1
CUST1113,44.0,Female,North,Primary,Salaried,553118.44,193173.92,Education,729.0,8,138,70.59,2021-10-02 17:42:40,0
CUST1114,57.0,Female,West,Primary,Salaried,1329740.6099999999,566800.38,Other,641.0,2,65,70.6,2016-09-17 13:10:47,0
CUST1115,55.0,Female,South,Secondary,Salaried,461891.79,165503.67,Other,690.0,1,131,74.78,2016-09-29 04:02:35,0
CUST1116,64.0,Female,South,Post-Graduate,Self-Employed,416761.62,426297.55,Business,657.0,8,115,80.93,2023-09-27 03:22:10,0
CUST1117,60.0,Female,East,Graduate,Self-Employed,433635.56,244618.92,Education,689.0,9,139,31.04,2016-03-13 00:22:38,0
CUST1118,42.0,Male,South,Post-Graduate,Salaried,586564.34,-136048.23,Other,755.0,8,90,27.96,2017-08-06 15:40:26,0
CUST1119,47.0,Female,South,Graduate,Salaried,456848.0,243776.69,Car,710.0,3,167,47.24,2018-06-04 11:24:31,0
CUST1120,55.0,Female,East,Secondary,Salaried,736410.41,144218.43,Business,705.0,11,129,31.21,2018-06-21 09:18:39,1
CUST1121,21.0,Female,South,Graduate,Salaried,897449.23,55308.63,Home,658.0,8,61,68.74,2015-06-27 11:15:52,0
CUST1122,,Male,South,Graduate,Self-Employed,483989.35,114386.0,Business,606.0,2,100,60.88,2018-06-08 11:50:50,0
CUST1123,57.0,Male,South,Secondary,Self-Employed,647880.9,316411.27,Car,670.0,6,146,80.0,2022-01-11 04:00:54,0
CUST1124,34.0,Male,South,Graduate,Salaried,699937.02,499296.12,Education,740.0,6,31,16.62,2017-12-04 23:33:58,0
CUST1125,23.0,Male,East,Secondary,Salaried,694400.45,346977.67,Home,604.0,10,43,83.21,2018-04-13 11:34:35,1
CUST1126,21.0,Female,South,Graduate,Unemployed,615191.05,209024.49,Home,627.0,7,119,33.47,2016-01-18 13:15:58,0
CUST1127,25.0,Female,South,Graduate,Salaried,748536.48,368385.63,Education,686.0,9,58,49.26,2020-07-03 05:37:24,0
CUST1128,46.0,Male,East,Secondary,Self-Employed,696449.79,231136.45,Business,631.0,3,138,45.09,2016-05-08 11:04:19,0
CUST1129,34.0,Other,West,Primary,Salaried,352467.52,195809.94,Other,640.0,2,82,70.82,2019-06-27 13:54:42,0
CUST1130,59.0,Female,North,Graduate,Salaried,773831.21,126845.6,Business,659.0,2,93,43.63,2019-04-25 04:10:58,0
CUST1131,47.0,Male,West,Graduate,Salaried,777458.17,37225.68,Car,,11,62,85.48,2017-08-08 10:45:10,0
CUST1132,29.0,Male,East,Primary,Salaried,447342.78,241511.44,Other,631.0,4,109,82.2,2016-03-23 04:21:42,0
CUST1133,35.0,Male,North,Post-Graduate,Unemployed,607587.57,323708.02,Business,715.0,10,133,79.77,2022-03-26 06:14:36,0
CUST1134,35.0,Male,East,Primary,Salaried,736665.8,285506.45,Education,615.0,0,177,15.7,2021-01-03 11:42:35,0
CUST1135,46.0,Male,East,Graduate,Salaried,558137.24,237604.96,Car,600.0,9,54,78.34,2021-01-29 02:53:52,1
CUST1136,62.0,Male,South,Post-Graduate,Salaried,814595.61,158138.09,Car,648.0,2,146,72.53,2023-02-08 17:01:16,0
CUST1137,33.0,Male,North,Secondary,Salaried,1072774.5,391236.93,Car,,5,114,18.28,2015-09-24 00:48:23,0
CUST1138,52.0,Male,South,Secondary,,442802.79,102430.21,Other,670.0,2,159,18.59,2020-10-03 21:29:51,0
CUST1139,59.0,Female,North,Secondary,Salaried,323791.08,416404.19,Home,657.0,4,155,18.09,2021-04-09 01:53:28,0
CUST1140,52.0,Male,East,Secondary,Self-Employed,660763.72,149667.45,Other,682.0,8,115,10.91,2023-04-25 15:55:34,0
CUST1141,24.0,Female,East,Secondary,Salaried,744312.5,187134.71,Business,593.0,1,52,53.89,2017-09-10 00:52:38,0
CUST1142,50.0,Male,West,Graduate,Salaried,553826.73,79982.22,Home,705.0,10,176,87.87,2022-07-30 15:18:39,0
CUST1143,57.0,Other,North,Primary,Unemployed,890652.13,224789.68,Business,699.0,1,143,45.09,2015-10-08 21:23:54,0
CUST1144,43.0,Male,South,Graduate,Salaried,332278.84,446296.87,Home,660.0,11,57,53.26,2021-01-05 09:09:11,0
CUST1145,59.0,Male,West,Post-Graduate,Unemployed,738583.72,377344.21,Other,730.0,5,135,87.44,2020-02-28 13:48:21,0
CUST1146,35.0,Other,West,Post-Graduate,Salaried,478827.84,446763.32,Car,624.0,5,16,30.41,2020-02-07 19:47:14,1
CUST1147,63.0,Female,West,Graduate,Self-Employed,943875.58,378321.38,Education,736.0,10,25,78.68,2022-10-15 01:59:42,0
CUST1148,49.0,Female,South,Secondary,Self-Employed,998503.07,134449.53,Car,688.0,10,138,53.71,2021-09-16 16:46:56,0
CUST1149,56.0,Male,West,Graduate,Self-Employed,446668.68,250381.62,Other,663.0,7,124,55.56,2022-06-13 10:25:10,0
CUST1150,33.0,Male,South,Graduate,Unemployed,490088.57,182970.13,Home,679.0,11,46,37.45,2015-04-27 16:38:24,0
CUST1151,52.0,Female,West,Graduate,Salaried,771917.58,499586.24,Car,675.0,10,174,54.93,2017-08-01 12:15:04,0
CUST1152,27.0,Female,South,Secondary,Unemployed,522573.87,120481.7,Other,741.0,1,134,15.85,2022-07-26 01:13:00,0
CUST1153,42.0,Female,East,Post-Graduate,Salaried,590917.76,434054.65,Business,626.0,8,90,71.17,2017-07-12 10:18:04,1
CUST1154,48.0,Female,East,Graduate,Salaried,605077.68,433943.08,Education,642.0,1,71,32.78,2019-11-23 14:40:51,1
CUST1155,22.0,Male,East,Secondary,Salaried,216065.37,574443.03,Car,732.0,0,81,81.01,2018-02-09 05:38:40,0
CUST1156,62.0,Female,East,Secondary,Salaried,597232.45,238547.01,Home,650.0,9,198,39.43,2023-05-03 11:28:06,0
CUST1157,26.0,Male,East,Graduate,Salaried,462054.45,406848.32,Business,725.0,1,134,21.43,2022-04-11 01:08:47,0
CUST1158,48.0,Male,West,Post-Graduate,Salaried,501375.44,642247.78,Other,765.0,11,170,65.67,2020-02-10 17:40:05,0
CUST1159,48.0,Male,West,Graduate,Salaried,888726.4,207353.75,Education,660.0,6,75,23.17,2023-12-26 02:41:58,0
CUST1160,64.0,Female,West,Graduate,Self-Employed,348698.62,69743.96,Home,714.0,7,39,70.29,2023-11-25 21:42:10,0
CUST1161,64.0,Male,South,Primary,Self-Employed,762641.04,17998.49,Other,622.0,4,29,87.45,2023-09-22 21:59:44,0
CUST1162,40.0,Male,South,Graduate,Salaried,544207.41,406906.8,Other,718.0,5,197,72.36,2016-06-14 05:29:07,0
CUST1163,50.0,Female,South,Graduate,Salaried,544047.97,17527.47,Car,690.0,11,91,11.8,2016-02-25 18:04:50,0
CUST1164,31.0,Male,South,Primary,Salaried,2274223.14,488304.28,Car,704.0,0,116,57.99,2015-06-26 04:11:32,1
CUST1165,,Female,East,Secondary,Salaried,668010.26,365596.98,Home,648.0,5,161,65.63,2018-01-24 14:30:06,0
CUST1166,45.0,Male,East,Graduate,Salaried,714122.6,327776.33,Other,597.0,11,141,76.04,2020-12-18 23:31:44,1
CUST1167,59.0,Female,East,Secondary,Salaried,793636.93,363816.73,Car,705.0,7,46,14.48,2017-08-14 22:48:36,0
CUST1168,53.0,Female,North,Graduate,Salaried,533738.32,333343.48,Education,577.0,2,141,48.41,2020-01-31 19:47:26,0
CUST1169,21.0,Male,West,Secondary,Unemployed,477552.65,491829.87,Education,664.0,10,86,52.83,2016-09-13 19:20:37,0
CUST1170,47.0,Male,South,Primary,Salaried,382969.89,157152.54,Other,727.0,0,98,23.53,2016-04-30 00:38:22,0
CUST1171,33.0,Male,South,Secondary,Salaried,434917.89,198450.73,Car,690.0,10,155,35.8,2016-11-19 02:45:34,1
CUST1172,61.0,Male,East,Post-Graduate,Salaried,,184101.08,Home,777.0,3,97,45.22,2021-07-30 05:16:07,0
CUST1173,23.0,Other,South,Post-Graduate,Salaried,848935.92,424528.77,Home,731.0,0,185,76.66,2023-08-11 11:09:35,1
CUST1174,59.0,Male,South,Post-Graduate,Salaried,329785.13,435059.79,Home,647.0,7,42,84.35,2017-03-06 15:58:01,0
CUST1175,26.0,Female,West,Graduate,Self-Employed,335508.41,367683.8,Education,681.0,4,67,60.27,2018-02-08 12:04:05,1
CUST1176,28.0,Male,East,Secondary,Salaried,,477524.05,Car,678.0,0,37,41.6,2018-07-29 08:27:20,0
CUST1177,47.0,Female,West,Graduate,Salaried,709452.96,123293.87,Car,601.0,7,44,30.32,2020-04-18 17:41:04,0
CUST1178,29.0,Female,North,Graduate,Unemployed,709776.77,550083.62,Education,633.0,8,134,88.57,2017-09-26 10:53:04,0
CUST1179,57.0,Female,North,Post-Graduate,Self-Employed,549008.84,528485.79,Home,652.0,9,147,88.64,2015-11-15 14:00:16,0
CUST1180,53.0,Male,North,Primary,,574909.15,410343.3,Home,578.0,1,74,84.0,2018-12-31 13:03:51,0
CUST1181,62.0,Male,East,Graduate,Salaried,665575.9,567269.84,Other,,8,51,72.85,2017-02-27 19:58:35,0
CUST1182,,Male,South,Secondary,Self-Employed,617178.6,51506.52,Business,668.0,7,94,36.06,2020-05-30 13:38:17,1
CUST1183,44.0,Female,East,Secondary,Salaried,156139.93,221332.78,Car,596.0,6,146,75.36,2022-09-30 03:32:06,0
CUST1184,35.0,Female,East,Graduate,Salaried,554040.07,189704.48,Car,700.0,2,197,42.7,2020-03-28 22:45:38,1
CUST1185,52.0,Other,South,Graduate,Salaried,429718.71,408221.9,Car,716.0,1,120,36.14,2018-12-06 05:33:16,1
CUST1186,52.0,Male,West,Secondary,Salaried,635042.28,142478.89,Business,691.0,6,24,69.59,2021-04-25 11:20:50,0
CUST1187,44.0,Female,North,Secondary,Salaried,1197051.8,413624.27,Other,664.0,4,194,16.37,2023-08-11 19:18:30,1
CUST1188,61.0,Female,West,Graduate,Salaried,673496.33,505580.42,Business,710.0,5,78,13.89,2022-10-11 01:59:19,0
CUST1189,32.0,Male,North,Graduate,,537294.06,404280.44,Home,714.0,3,114,45.84,2019-09-23 02:38:29,1
CUST1190,59.0,Male,East,Post-Graduate,Unemployed,784360.3,342562.65,Home,695.0,1,159,45.65,2017-07-22 06:28:18,0
CUST1191,22.0,Female,North,Post-Graduate,Self-Employed,696537.58,151819.0,Car,639.0,8,73,81.65,2019-01-21 19:35:26,0
CUST1192,23.0,Female,East,Graduate,Salaried,684018.9,172972.36,Education,694.0,2,50,20.09,2020-04-11 00:26:55,0
CUST1193,57.0,Female,West,Secondary,Self-Employed,721370.12,487442.84,Car,740.0,11,80,19.86,2021-01-13 13:38:09,0
CUST1194,37.0,Male,East,Graduate,Salaried,1011308.71,416902.35,Education,,6,65,21.8,2015-09-03 01:11:58,0
CUST1195,22.0,Female,West,Graduate,Self-Employed,373822.31,294147.07,Business,785.0,7,160,12.38,2018-06-12 04:45:17,0
CUST1196,22.0,Male,South,Secondary,Salaried,694726.42,237313.57,Home,,1,34,15.74,2020-04-02 09:31:37,0
CUST1197,48.0,Male,South,Post-Graduate,Self-Employed,414723.77,-3871.18,Education,682.0,5,114,62.79,2016-10-23 12:36:13,1
CUST1198,43.0,Male,South,Primary,Salaried,711102.53,139372.14,Business,646.0,10,143,44.53,2015-07-12 22:23:02,0
CUST1199,57.0,Female,East,Post-Graduate,,416262.7,586712.86,Home,,7,128,71.09,2023-11-02 20:21:48,0
CUST1200,52.0,Female,South,Graduate,Unemployed,516526.64,107931.66,Education,593.0,6,171,89.41,2016-07-12 23:58:15,0
CUST1201,53.0,Female,North,Graduate,Salaried,540982.02,328421.97,Car,653.0,10,18,62.72,2015-07-17 19:01:07,0
CUST1202,21.0,Male,West,Graduate,Salaried,795163.34,451116.6,Car,625.0,2,69,14.04,2018-02-12 06:30:23,1
CUST1203,39.0,Female,West,Post-Graduate,Unemployed,783690.89,111761.6,Car,687.0,0,134,18.37,2015-06-24 18:21:31,0
CUST1204,22.0,Male,North,Graduate,Salaried,350856.52,327706.57,Business,730.0,5,58,80.48,2019-03-20 13:22:12,0
CUST1205,64.0,Female,East,Graduate,Self-Employed,610986.82,440687.33,Car,712.0,7,60,52.2,2018-07-24 08:07:18,0
CUST1206,46.0,Male,East,Primary,,458084.03,301874.9,Other,561.0,5,197,75.99,2018-05-22 13:40:44,0
CUST1207,52.0,Male,West,Graduate,Salaried,348299.02,730260.46,Home,782.0,4,79,78.53,2023-08-15 04:33:01,1
CUST1208,26.0,Male,South,Secondary,Salaried,556596.59,49710.11,Business,695.0,10,46,84.21,2019-06-19 11:46:37,0
CUST1209,52.0,Male,East,Graduate,Salaried,538303.44,458809.28,Car,641.0,11,40,85.99,2021-03-03 15:13:29,1
CUST1210,24.0,Female,East,Graduate,Self-Employed,1085343.3,274079.74,Home,688.0,7,178,54.39,2023-04-12 03:51:46,0
CUST1211,31.0,Female,North,Graduate,Salaried,686591.97,415788.02,Education,689.0,1,71,37.28,2017-09-26 04:16:25,1
CUST1212,37.0,Male,North,Primary,Salaried,324476.5,366196.07,Car,647.0,11,102,86.95,2016-08-21 21:17:38,0
CUST1213,58.0,Female,South,Primary,Salaried,487045.2,190026.57,Home,690.0,0,195,53.79,2016-04-03 02:19:32,1
CUST1214,44.0,Male,East,Graduate,Salaried,804276.66,334349.46,Other,,0,23,15.14,2019-12-27 06:28:45,1
CUST1215,25.0,Female,East,Primary,Self-Employed,1017688.55,21314.78,Education,660.0,3,173,61.42,2017-07-29 21:32:50,1
CUST1216,54.0,Female,North,Primary,Unemployed,282803.34,390487.13,Other,646.0,5,173,57.01,2019-03-14 12:45:46,0
CUST1217,26.0,Female,East,Primary,Salaried,224015.12,344723.77,Home,608.0,8,88,81.66,2019-11-20 05:43:21,0
CUST1218,42.0,Male,West,Post-Graduate,Self-Employed,974193.04,395799.03,Other,687.0,0,17,62.25,2017-03-18 16:24:10,0
CUST1219,31.0,Female,North,Graduate,Self-Employed,677922.84,458717.75,Home,709.0,11,163,37.92,2020-06-04 08:12:54,0
CUST1220,36.0,Female,South,Secondary,Salaried,426341.45,355142.98,Home,706.0,0,45,87.3,2018-11-30 03:16:12,0
CUST1221,53.0,Male,North,Secondary,Unemployed,706925.82,322213.41,Other,721.0,4,57,74.13,2021-05-11 19:05:28,0
CUST1222,,Male,East,Secondary,Salaried,72850.45,167839.75,Home,696.0,9,94,60.43,2019-11-16 01:47:52,0
CUST1223,26.0,Female,South,Graduate,Salaried,600675.1,193166.89,Car,653.0,4,37,33.43,2016-01-07 06:55:48,0
CUST1224,36.0,Female,North,Graduate,Self-Employed,665564.23,478010.19,Home,722.0,4,199,39.88,2017-07-02 06:14:00,0
CUST1225,,Female,West,Secondary,Salaried,784854.03,515450.31,Business,612.0,9,60,63.6,2017-10-17 03:26:04,0
CUST1226,23.0,Female,West,Secondary,Self-Employed,397220.81,264283.43,Home,635.0,5,113,15.76,2022-06-13 10:38:45,0
CUST1227,40.0,Female,North,Primary,Self-Employed,617137.43,306900.41,Business,632.0,7,179,30.53,2015-07-07 22:25:38,0
CUST1228,56.0,Male,West,Graduate,,414915.07,164307.84,Home,734.0,2,110,67.11,2023-08-13 07:29:30,0
CUST1229,39.0,Male,West,Graduate,Self-Employed,651076.75,475913.53,Home,727.0,8,38,48.4,2023-02-17 03:44:31,0
CUST1230,46.0,Male,West,Secondary,Salaried,420930.74,399812.52,Other,704.0,0,136,42.19,2023-09-01 03:17:39,1
CUST1231,,Female,South,Primary,Salaried,518379.83,591182.62,Car,734.0,3,91,22.12,2019-05-10 19:39:53,1
CUST1232,39.0,Male,West,Primary,Self-Employed,400836.92,168251.54,Car,636.0,8,19,45.35,2019-08-15 18:55:58,1
CUST1233,40.0,Female,West,Post-Graduate,Unemployed,730227.25,243298.82,Education,697.0,7,115,71.66,2021-06-27 20:57:32,1
CUST1234,52.0,Female,West,Secondary,Salaried,771690.22,334716.89,Other,674.0,9,176,31.12,2020-09-28 06:33:25,0
CUST1235,27.0,Female,South,Graduate,Salaried,553075.89,396973.43,Other,722.0,8,10,10.43,2019-09-25 02:37:59,0
CUST1236,61.0,Male,North,Graduate,Self-Employed,607647.6,267649.85,Car,674.0,0,48,63.48,2016-08-18 15:21:02,0
CUST1237,53.0,Female,East,Secondary,Self-Employed,310281.72,169055.84,Other,661.0,8,30,87.81,2019-01-20 03:51:04,0
CUST1238,60.0,Male,West,Secondary,Self-Employed,540064.67,432211.13,Car,707.0,2,74,58.55,2023-06-03 09:36:29,0
CUST1239,59.0,Female,North,Secondary,Salaried,589959.08,408170.3,Other,724.0,10,24,19.59,2020-03-18 21:20:20,0
CUST1240,38.0,Male,West,Graduate,Salaried,1124158.62,162558.88,Home,647.0,11,141,35.66,2018-04-08 15:10:03,0
CUST1241,60.0,Male,South,Graduate,Salaried,377606.59,503316.42,Car,677.0,9,197,79.41,2023-10-29 06:30:25,0
CUST1242,21.0,Female,North,Graduate,Self-Employed,892835.45,475529.81,Car,627.0,8,70,28.61,2023-02-23 10:15:13,0
CUST1243,31.0,Male,South,Graduate,Salaried,799371.75,320144.47,Business,555.0,0,157,58.62,2018-02-25 06:29:53,0
CUST1244,48.0,Male,West,Primary,Salaried,656127.28,311939.68,Other,690.0,0,147,42.21,2015-04-30 03:12:02,0
CUST1245,45.0,Female,West,Post-Graduate,Unemployed,951724.1,383108.67,Other,,8,96,26.63,2016-04-19 18:06:42,0
CUST1246,43.0,Female,South,Graduate,Salaried,,170744.54,Car,693.0,10,114,75.07,2020-10-08 06:27:34,0
CUST1247,51.0,Female,East,Secondary,Unemployed,,304504.72,Home,583.0,5,43,69.43,2019-07-21 04:32:56,0
CUST1248,50.0,Female,South,Post-Graduate,Self-Employed,589375.87,-22857.53,Home,662.0,3,133,62.93,2022-04-13 07:29:21,1
CUST1249,62.0,Female,West,Graduate,Self-Employed,844713.78,431468.35,Home,569.0,6,119,28.91,2023-06-24 02:31:05,0
CUST1250,55.0,Male,South,Graduate,Salaried,,65776.02,Other,748.0,4,185,17.83,2021-06-22 20:05:45,0
CUST1251,27.0,Male,East,Graduate,Salaried,474864.54,525512.97,Business,626.0,9,42,56.09,2019-01-13 15:53:58,0
CUST1252,36.0,Male,South,Post-Graduate,Self-Employed,336150.56,250481.99,Car,743.0,6,107,54.29,2023-07-02 06:48:19,0
CUST1253,46.0,Female,East,Graduate,Self-Employed,559403.87,268249.95,Education,727.0,7,70,25.07,2015-11-22 00:49:51,0
CUST1254,22.0,Female,East,Secondary,Self-Employed,439992.29,205839.91,Business,635.0,7,19,14.5,2016-01-02 03:20:12,0
CUST1255,21.0,Male,South,Secondary,Salaried,587295.09,256794.17,Education,623.0,0,191,16.46,2021-09-02 04:03:42,0
CUST1256,32.0,Male,South,Post-Graduate,Self-Employed,847487.63,512779.7,Business,698.0,7,93,89.42,2020-05-28 01:19:22,1
CUST1257,25.0,Female,North,Secondary,Self-Employed,508539.67,-73171.3,Home,638.0,5,74,72.69,2022-09-08 19:20:33,1
CUST1258,57.0,Male,West,Secondary,Self-Employed,591435.32,491544.81,Other,685.0,3,86,83.76,2021-07-06 21:17:01,0
CUST1259,52.0,Female,East,Graduate,Self-Employed,611604.55,350703.52,Education,656.0,11,10,25.6,2016-08-04 06:11:24,0
CUST1260,29.0,Female,North,Graduate,Self-Employed,769686.18,118946.75,Business,591.0,7,142,86.85,2018-03-30 04:11:15,0
CUST1261,61.0,Female,South,Graduate,Self-Employed,150622.13,138703.14,Other,568.0,2,89,21.41,2018-01-04 21:55:55,0
CUST1262,55.0,Male,West,Post-Graduate,Salaried,,551458.95,Education,691.0,3,24,50.73,2022-02-01 14:21:41,0
CUST1263,39.0,Female,North,Secondary,Salaried,642256.74,158173.97,Car,,5,37,76.38,2018-08-12 09:31:43,1
CUST1264,36.0,Female,East,Secondary,Salaried,840015.79,126997.42,Business,652.0,10,32,37.98,2018-01-10 13:41:10,0
CUST1265,23.0,Female,North,Secondary,Salaried,501619.51,470597.18,Car,715.0,6,118,43.99,2021-11-14 19:25:59,1
CUST1266,40.0,Female,East,Post-Graduate,Salaried,224689.46,350782.93,Home,739.0,3,116,20.25,2022-04-01 17:42:29,0
CUST1267,44.0,Female,South,Graduate,Salaried,723942.29,159311.16,Car,666.0,3,154,19.83,2017-12-29 18:05:41,0
CUST1268,53.0,Female,West,Secondary,Salaried,472927.52,332493.75,Car,663.0,6,122,59.57,2017-08-07 00:53:40,0
CUST1269,44.0,Male,West,Post-Graduate,Salaried,,146137.1,Business,705.0,5,107,64.04,2021-12-27 17:23:31,1
CUST1270,31.0,Female,West,Post-Graduate,Self-Employed,475130.92,465123.21,Home,612.0,10,150,72.19,2019-10-31 22:54:20,1
CUST1271,28.0,Female,South,Post-Graduate,Unemployed,563094.93,459205.64,Car,691.0,7,151,54.53,2019-03-26 02:25:49,0
CUST1272,56.0,Male,East,Post-Graduate,Salaried,479051.07,379800.93,Other,,0,148,61.66,2016-06-14 12:32:19,0
CUST1273,,Female,South,Secondary,Unemployed,158886.79,354249.16,Education,714.0,9,37,11.08,2018-08-13 04:18:04,0
CUST1274,60.0,Female,West,Graduate,Salaried,779413.24,564178.22,Car,583.0,10,51,22.97,2018-04-29 17:41:27,1
CUST1275,40.0,Female,South,Graduate,Salaried,854975.01,299952.95,Home,642.0,6,108,88.79,2022-08-20 14:01:41,1
CUST1276,55.0,Male,South,Post-Graduate,Salaried,730304.4,122718.88,Car,636.0,11,70,16.08,2023-02-04 18:35:54,0
CUST1277,45.0,Male,South,Graduate,Salaried,372462.87,367421.09,Education,685.0,6,132,64.3,2017-05-05 11:53:53,0
CUST1278,55.0,Other,East,Graduate,Self-Employed,559701.69,612907.06,Home,704.0,10,73,24.09,2015-06-09 09:50:42,0
CUST1279,45.0,Female,North,Graduate,Self-Employed,598695.74,147786.08,Business,755.0,6,40,67.34,2020-12-22 01:33:44,0
CUST1280,,Male,North,Secondary,Salaried,719758.88,245780.58,Home,655.0,6,90,66.48,2021-01-15 08:26:38,0
CUST1281,38.0,Female,South,Graduate,,733668.1,362466.91,Business,655.0,9,19,28.74,2018-09-14 07:55:46,0
CUST1282,38.0,Female,North,Post-Graduate,Salaried,453165.24,291914.27,Home,737.0,9,17,31.57,2017-11-28 21:00:01,1
CUST1283,22.0,Female,North,Post-Graduate,Salaried,616399.11,152654.46,Education,695.0,7,158,62.38,2017-08-05 02:11:35,0
CUST1284,55.0,Female,South,Primary,Salaried,691456.08,468278.68,Education,743.0,8,68,41.21,2023-06-04 13:13:09,1
CUST1285,36.0,Male,South,Secondary,Salaried,,648006.11,Home,694.0,8,187,25.56,2019-07-23 05:22:34,0
CUST1286,61.0,Male,West,Secondary,Self-Employed,740901.31,329419.72,Car,622.0,1,39,68.53,2022-03-07 13:05:10,0
CUST1287,56.0,Male,North,Graduate,Unemployed,757811.34,164389.76,Education,613.0,6,154,22.33,2017-06-27 12:08:31,0
CUST1288,53.0,Female,East,Post-Graduate,Salaried,616765.33,67655.92,Business,602.0,6,29,78.45,2020-07-30 00:55:13,0
CUST1289,24.0,Male,South,Secondary,Unemployed,882091.83,338696.4,Business,713.0,3,57,51.17,2016-10-01 05:48:09,0
CUST1290,53.0,Male,West,Graduate,Salaried,681952.56,465581.6,Other,739.0,8,139,18.46,2022-08-05 11:28:36,0
CUST1291,34.0,Male,East,Post-Graduate,Salaried,,371275.16,Business,772.0,7,46,65.53,2017-11-29 05:06:38,0
CUST1292,41.0,Female,North,Graduate,Salaried,880673.99,299639.42,Other,722.0,11,138,51.53,2019-03-30 17:06:42,0
CUST1293,40.0,Female,West,Graduate,Self-Employed,739580.65,211609.25,Home,738.0,0,141,33.84,2016-11-09 16:06:18,0
CUST1294,28.0,Male,South,Graduate,Unemployed,511391.2,136175.46,Home,651.0,1,109,43.8,2023-09-19 12:28:37,0
CUST1295,27.0,Male,East,Graduate,Self-Employed,504101.41,425212.7,Home,622.0,1,63,33.87,2015-04-25 22:11:04,0
CUST1296,23.0,Female,South,Secondary,Salaried,659315.11,437065.74,Car,723.0,11,131,31.04,2021-11-23 22:24:24,0
CUST1297,37.0,Male,North,Graduate,Self-Employed,692636.96,68140.53,Car,701.0,11,34,23.09,2019-12-27 07:39:42,0
CUST1298,53.0,Male,East,Graduate,Salaried,639458.45,538475.85,Other,685.0,10,140,39.02,2018-09-28 06:33:34,0
CUST1299,32.0,Male,North,Post-Graduate,Self-Employed,662261.73,386110.68,Business,699.0,7,18,30.08,2021-12-28 16:37:32,1
CUST1300,42.0,Male,North,Graduate,Salaried,939991.47,509939.2,Business,696.0,0,43,64.67,2018-03-29 03:24:11,0
CUST1301,42.0,Male,West,Graduate,Salaried,814308.63,98680.84,Home,744.0,3,52,64.71,2018-01-30 04:35:12,0
CUST1302,50.0,Female,South,Secondary,Salaried,638127.12,95126.38,Education,745.0,9,83,50.15,2022-12-03 01:12:39,0
CUST1303,58.0,Male,East,Graduate,Self-Employed,788262.12,277654.6,Car,707.0,11,103,72.24,2017-06-02 12:48:04,0
CUST1304,58.0,Female,North,Primary,Salaried,393495.22,375417.66,Car,722.0,4,31,77.31,2022-01-20 10:05:15,1
CUST1305,28.0,Male,North,Secondary,Self-Employed,679585.41,569454.12,Home,706.0,8,79,56.38,2015-12-03 18:42:30,0
CUST1306,47.0,Female,East,Graduate,Salaried,961861.27,405911.84,Car,657.0,6,139,59.51,2015-12-20 20:42:27,0
CUST1307,47.0,Female,North,Post-Graduate,Self-Employed,556390.82,263597.81,Home,718.0,7,103,32.63,2022-12-16 05:54:11,0
CUST1308,54.0,Male,West,Primary,Self-Employed,430473.21,146044.62,Other,610.0,10,41,81.59,2017-12-16 02:02:22,0
CUST1309,41.0,Female,West,Graduate,Self-Employed,469582.22,484500.09,Business,733.0,8,115,11.94,2021-02-02 22:58:02,0
CUST1310,50.0,Male,West,Post-Graduate,Salaried,382073.39,155294.19,Education,620.0,6,153,37.89,2023-08-01 10:10:28,0
CUST1311,53.0,Other,West,Secondary,Salaried,443047.62,544270.28,Business,694.0,4,10,67.74,2018-10-30 14:07:51,0
CUST1312,48.0,Male,North,Graduate,Salaried,525898.38,257342.3,Business,638.0,4,81,16.41,2017-01-08 12:02:48,1
CUST1313,53.0,Male,East,Graduate,Self-Employed,,538587.31,Other,708.0,9,185,24.65,2016-05-04 11:42:57,0
CUST1314,25.0,Male,East,Graduate,Salaried,603123.67,401839.69,Car,678.0,10,59,57.14,2023-03-31 21:40:49,0
CUST1315,39.0,Other,East,Secondary,Salaried,780455.43,279450.68,Education,600.0,5,150,54.8,2015-09-01 12:30:02,0
CUST1316,,Female,East,Secondary,Salaried,418448.76,222090.54,Car,701.0,4,24,69.11,2020-06-03 19:08:17,0
CUST1317,55.0,Female,South,Graduate,Salaried,903856.78,248863.82,Business,651.0,11,62,75.01,2023-04-15 04:13:48,0
CUST1318,37.0,Male,East,Graduate,Self-Employed,,364247.5,Home,724.0,10,181,20.29,2019-06-04 12:29:28,0
CUST1319,64.0,Female,South,Primary,Salaried,806116.12,311573.47,Business,680.0,8,17,11.47,2022-07-05 00:07:21,0
CUST1320,48.0,Male,South,Graduate,,468433.09,210928.29,Car,700.0,2,83,65.17,2019-06-23 07:06:49,1
CUST1321,50.0,Female,West,Primary,Salaried,770905.05,275155.29,Business,632.0,2,55,34.11,2022-08-17 01:36:41,1
CUST1322,49.0,Male,South,Graduate,Salaried,381613.22,311786.55,Home,651.0,6,78,60.08,2023-09-06 15:03:50,0
CUST1323,26.0,Male,North,Secondary,Salaried,778049.5,-19310.11,Other,657.0,6,123,22.04,2017-04-17 08:08:48,0
CUST1324,55.0,Male,South,Post-Graduate,Salaried,634367.87,368725.22,Car,723.0,5,156,47.52,2018-10-07 23:58:51,0
CUST1325,61.0,Male,West,Secondary,Salaried,2131950.7199999997,306083.64,Business,764.0,2,175,50.35,2017-06-12 00:35:20,0
CUST1326,57.0,Female,South,Secondary,Self-Employed,364881.08,127000.14,Car,640.0,6,132,56.81,2022-11-26 15:42:07,0
CUST1327,44.0,Male,North,Secondary,Salaried,420986.03,46898.35,Other,734.0,4,148,51.05,2019-11-12 00:26:23,0
CUST1328,49.0,Female,North,Secondary,Self-Employed,719445.64,30916.13,Business,572.0,6,126,49.66,2019-02-23 19:55:30,0
CUST1329,51.0,Male,North,Post-Graduate,Salaried,410330.4,96682.87,Business,620.0,1,52,36.62,2020-07-19 21:39:02,0
CUST1330,55.0,Female,West,Post-Graduate,Salaried,692641.26,193646.86,Car,632.0,5,29,15.69,2022-01-31 05:06:17,0
CUST1331,53.0,Male,West,Secondary,Self-Employed,326572.44,592988.87,Car,612.0,7,157,17.16,2016-04-04 13:55:15,1
CUST1332,41.0,Male,East,Graduate,Salaried,769634.84,221118.05,Home,601.0,0,30,44.7,2023-04-21 15:59:24,0
CUST1333,,Female,West,Graduate,Salaried,353495.34,326662.52,Other,701.0,3,91,38.46,2016-04-16 18:08:25,0
CUST1334,43.0,Male,North,Post-Graduate,Salaried,710459.99,360072.21,Home,669.0,10,66,51.29,2019-05-25 20:36:26,0
CUST1335,53.0,Male,North,Graduate,Salaried,725126.19,319659.78,Business,699.0,0,187,34.39,2019-02-16 07:21:00,0
CUST1336,23.0,Female,West,Secondary,Self-Employed,460645.64,288383.48,Car,715.0,0,83,65.03,2020-03-26 02:18:42,0
CUST1337,38.0,Female,South,Graduate,Salaried,716405.31,120705.94,Business,693.0,9,107,79.12,2019-08-29 08:35:21,0
CUST1338,45.0,Male,West,Graduate,Self-Employed,652088.45,517639.13,Business,713.0,11,163,33.91,2023-12-28 10:57:00,0
CUST1339,62.0,Male,West,Primary,Self-Employed,492231.63,571079.5,Education,677.0,10,167,25.44,2023-12-13 16:42:37,0
CUST1340,51.0,Female,North,Graduate,Salaried,398289.06,47601.2,Education,621.0,7,119,19.29,2022-10-21 15:59:21,0
CUST1341,23.0,Male,East,Secondary,Unemployed,207474.86,146395.71,Business,733.0,6,124,59.3,2016-10-07 21:10:35,1
CUST1342,60.0,Male,North,Graduate,Salaried,669930.01,258028.45,Car,651.0,11,168,45.51,2016-11-19 13:28:45,0
CUST1343,,Male,East,Primary,Unemployed,287039.45,155319.33,Business,633.0,9,51,25.04,2016-07-08 13:32:08,0
CUST1344,52.0,Female,North,Graduate,,619068.84,375894.83,Education,671.0,0,77,62.25,2021-06-15 01:03:03,0
CUST1345,42.0,Female,West,Graduate,Self-Employed,547310.36,190759.17,Car,634.0,10,198,21.88,2021-12-18 17:58:27,0
CUST1346,43.0,Male,North,Graduate,Salaried,735828.56,624758.41,Business,659.0,1,198,54.34,2019-11-07 19:46:35,0
CUST1347,22.0,Male,North,Primary,Salaried,539590.9,478582.29,Other,697.0,3,79,52.17,2022-03-15 09:41:12,0
CUST1348,47.0,Male,North,Graduate,Self-Employed,534110.44,331886.1,Other,697.0,0,87,68.74,2015-03-24 10:50:01,0
CUST1349,62.0,Female,West,Graduate,Self-Employed,746374.14,454047.94,Business,635.0,2,99,14.41,2017-10-11 16:12:36,0
CUST1350,22.0,Male,West,Graduate,Salaried,667011.61,465885.06,Car,656.0,7,120,81.03,2023-02-19 08:09:21,0
CUST1351,46.0,Male,West,Graduate,Salaried,663231.19,215407.88,Business,734.0,7,121,66.24,2015-01-22 23:04:25,0
CUST1352,37.0,Female,West,Graduate,Self-Employed,693853.52,177567.41,Business,705.0,7,112,27.29,2022-07-07 17:29:51,0
CUST1353,60.0,Male,East,Post-Graduate,Self-Employed,292885.58,311721.46,Education,784.0,5,154,24.67,2019-12-19 13:57:09,0
CUST1354,53.0,Female,East,Secondary,Unemployed,751357.74,429245.42,Other,739.0,5,28,44.53,2017-06-16 18:40:41,0
CUST1355,29.0,Male,South,Post-Graduate,Self-Employed,722493.76,320859.06,Education,737.0,4,188,75.41,2020-03-22 00:22:40,0
CUST1356,63.0,Male,West,Graduate,Unemployed,396663.37,63450.53,Education,611.0,8,79,77.44,2019-07-11 05:54:29,0
CUST1357,59.0,Male,East,Primary,Self-Employed,551183.91,179576.33,Business,718.0,3,72,51.64,2019-02-23 08:02:26,0
CUST1358,49.0,Female,North,Primary,Salaried,592138.54,288904.07,Education,677.0,9,84,78.86,2023-07-17 20:27:52,0
CUST1359,62.0,Female,West,Secondary,Salaried,573100.64,288650.16,Other,652.0,11,167,10.44,2021-05-10 23:11:11,0
CUST1360,46.0,Female,South,Graduate,Self-Employed,666771.99,595881.33,Education,688.0,11,162,12.81,2019-01-23 01:12:56,0
CUST1361,55.0,Male,South,Graduate,Self-Employed,886273.36,92101.81,Other,727.0,11,113,82.95,2020-12-21 22:49:19,0
CUST1362,45.0,Female,South,Graduate,Salaried,816353.35,375838.39,Education,705.0,6,84,72.03,2020-06-10 18:48:49,0
CUST1363,44.0,Male,North,Graduate,Salaried,,523366.97,Other,636.0,0,137,46.06,2015-07-14 03:01:08,0
CUST1364,33.0,Male,East,Graduate,Unemployed,724414.0,640717.46,Education,,8,163,70.29,2022-05-16 05:25:40,0
CUST1365,27.0,Female,North,Secondary,Salaried,865786.66,239340.39,Education,648.0,6,65,86.45,2019-01-28 09:07:52,0
CUST1366,56.0,Male,West,Secondary,Salaried,677361.7,373714.42,Car,691.0,9,31,71.77,2018-12-04 11:04:35,0
CUST1367,40.0,Male,South,Graduate,Salaried,818196.09,385464.05,Other,665.0,11,98,77.39,2019-07-14 04:18:32,0
CUST1368,21.0,Male,North,Primary,Salaried,1002454.09,329322.26,Other,669.0,8,28,70.85,2015-01-13 01:50:23,0
CUST1369,28.0,Male,North,Secondary,Salaried,,285173.22,Other,718.0,6,168,23.46,2015-04-07 05:48:28,0
CUST1370,36.0,Male,East,Graduate,Salaried,649861.72,365396.31,Home,628.0,1,35,76.69,2016-09-03 16:21:14,0
CUST1371,34.0,Female,East,Graduate,Salaried,809017.69,-79836.91,Education,777.0,5,179,25.61,2022-12-23 18:52:09,0
CUST1372,,Male,South,Post-Graduate,Self-Employed,628977.57,402310.42,Other,589.0,9,178,81.41,2019-05-26 19:09:23,0
CUST1373,,Female,North,Post-Graduate,Salaried,604780.61,318926.69,Home,650.0,11,32,46.69,2017-09-30 07:10:25,1
CUST1374,35.0,Female,North,Graduate,,529717.15,266628.77,Car,699.0,10,56,64.16,2018-11-11 08:59:52,0
CUST1375,48.0,Male,East,Graduate,Self-Employed,912682.67,607029.33,Other,709.0,3,22,49.78,2023-04-28 20:09:09,0
CUST1376,54.0,Male,North,Graduate,Salaried,436314.27,198759.9,Other,675.0,2,75,17.52,2020-07-11 09:13:23,0
CUST1377,,Male,North,Graduate,Self-Employed,906473.54,239538.6,Home,677.0,1,153,33.26,2022-09-07 16:08:31,0
CUST1378,52.0,Female,North,Secondary,Salaried,699972.82,598733.0,Education,701.0,5,82,88.7,2016-02-29 16:18:29,0
CUST1379,43.0,Male,East,Graduate,Self-Employed,320138.77,175190.8,Car,668.0,7,165,86.86,2023-08-25 09:04:04,1
CUST1380,42.0,Female,South,Post-Graduate,Salaried,673529.86,217482.71,Other,750.0,5,86,35.64,2023-03-31 07:11:54,0
CUST1381,45.0,Male,West,Secondary,,179994.7,277946.19,Education,722.0,8,172,89.7,2017-11-22 05:04:03,0
CUST1382,42.0,Female,South,Graduate,,725101.6,426110.17,Car,724.0,4,178,77.64,2023-12-23 11:02:52,0
CUST1383,42.0,Male,West,Graduate,Salaried,777046.3,331170.38,Business,632.0,1,40,58.88,2020-04-21 17:59:49,0
CUST1384,62.0,Male,North,Secondary,Salaried,481528.81,106106.2,Business,676.0,7,94,13.21,2018-12-19 23:26:18,0
CUST1385,26.0,Female,South,Secondary,Self-Employed,624709.54,220174.72,Car,665.0,8,169,82.12,2020-02-27 00:00:09,0
CUST1386,35.0,Female,West,Secondary,Self-Employed,990831.49,208896.84,Home,630.0,9,191,54.59,2015-01-19 10:56:15,0
CUST1387,63.0,Male,East,Primary,Salaried,498850.66,288416.84,Car,698.0,3,68,79.48,2020-07-05 22:30:20,0
CUST1388,57.0,Female,East,Primary,Self-Employed,,363876.55,Car,653.0,5,50,76.75,2018-10-12 18:13:16,0
CUST1389,,Female,South,Post-Graduate,Salaried,896332.68,362730.86,Home,713.0,10,121,76.64,2017-09-14 01:11:14,0
CUST1390,28.0,Female,South,Secondary,Self-Employed,992517.44,33598.24,Home,626.0,9,105,65.85,2019-12-05 20:56:41,0
CUST1391,64.0,Female,North,Graduate,Salaried,600739.13,459591.15,Education,766.0,7,191,33.31,2021-12-17 05:59:25,0
CUST1392,64.0,Male,South,Secondary,Self-Employed,802292.61,337885.33,Education,,8,177,36.89,2018-01-08 16:59:37,0
CUST1393,25.0,Male,North,Post-Graduate,,868295.18,507679.81,Home,691.0,11,131,34.68,2022-04-24 15:03:26,0
CUST1394,59.0,Male,North,Secondary,Salaried,451503.15,366629.75,Business,720.0,4,165,11.6,2022-07-18 13:51:54,0
CUST1395,24.0,Female,East,Graduate,Salaried,502938.83,465198.44,Business,651.0,11,174,56.61,2021-04-09 03:02:15,0
CUST1396,26.0,Female,East,Post-Graduate,Salaried,2538524.7,739963.6,Car,723.0,5,114,65.91,2019-04-03 19:00:10,0
CUST1397,52.0,Male,West,Post-Graduate,Salaried,937002.86,501933.86,Other,619.0,10,83,78.31,2015-04-22 23:44:24,0
CUST1398,50.0,Male,East,Secondary,Salaried,712576.17,378337.6,Car,753.0,3,192,21.21,2019-08-29 02:32:18,1
CUST1399,55.0,Female,East,Post-Graduate,Self-Employed,424037.13,285312.71,Car,681.0,4,141,53.53,2021-06-04 08:34:57,0
CUST1400,60.0,Other,South,Graduate,Salaried,997412.22,640865.21,Other,650.0,6,108,10.64,2017-10-23 15:53:30,0
CUST1401,36.0,Female,East,Graduate,Salaried,,433355.57,Home,,8,135,17.61,2021-02-18 14:02:31,0
CUST1402,33.0,Male,West,Secondary,Salaried,532972.44,386061.66,Business,720.0,9,147,14.34,2022-08-28 05:10:11,0
CUST1403,62.0,Male,South,Primary,Salaried,668467.57,108554.34,Car,651.0,10,184,68.04,2016-05-10 01:13:07,0
CUST1404,50.0,Male,West,Graduate,Salaried,910832.08,106753.86,Other,643.0,5,84,16.48,2015-03-01 09:47:49,1
CUST1405,39.0,Female,East,Graduate,Salaried,770795.2,343907.32,Education,669.0,5,23,67.32,2018-09-18 19:48:58,0
CUST1406,37.0,Male,West,Graduate,Salaried,682973.1,321828.18,Car,621.0,7,47,29.97,2022-03-14 10:05:33,1
CUST1407,39.0,Female,South,Graduate,Salaried,692657.71,207881.62,Business,771.0,10,149,80.22,2019-07-13 20:37:35,0
CUST1408,48.0,Male,North,Graduate,Salaried,608702.93,321147.4,Home,652.0,3,54,75.05,2015-03-24 07:31:45,0
CUST1409,46.0,Female,West,Secondary,Salaried,711627.9,538294.04,Car,722.0,2,154,86.63,2021-03-18 06:59:42,0
CUST1410,57.0,Female,West,Graduate,Salaried,94087.98,404310.37,Car,690.0,6,172,80.7,2023-07-16 21:42:40,0
CUST1411,46.0,Female,South,Secondary,Salaried,540678.51,128848.72,Other,631.0,4,84,84.67,2015-03-07 05:03:42,0
CUST1412,43.0,Male,South,Graduate,Unemployed,,283273.68,Education,680.0,1,178,78.7,2017-08-27 11:34:13,1
CUST1413,29.0,Male,West,Graduate,Salaried,369797.18,179255.03,Education,719.0,1,38,65.47,2022-02-11 06:56:54,0
CUST1414,32.0,Male,East,Post-Graduate,Self-Employed,677264.66,241845.01,Home,671.0,10,27,23.62,2022-08-01 02:24:30,1
CUST1415,21.0,Female,West,Primary,Salaried,559105.76,237957.65,Business,740.0,5,29,31.74,2023-03-29 09:23:30,0
CUST1416,21.0,Female,South,Primary,Self-Employed,951095.14,228353.16,Home,731.0,7,23,27.02,2023-05-01 23:38:10,1
CUST1417,54.0,Female,North,Secondary,Self-Employed,2743811.8499999996,223459.38,Car,726.0,0,171,58.29,2023-12-27 13:01:55,0
CUST1418,52.0,Female,North,Secondary,Salaried,,280851.8,Car,657.0,10,186,50.29,2018-07-09 19:48:43,0
CUST1419,45.0,Female,East,Secondary,Unemployed,569832.46,215908.85,Education,626.0,5,63,79.37,2022-02-25 19:25:05,0
CUST1420,60.0,Male,West,Post-Graduate,Salaried,585210.49,-139417.3,Business,649.0,11,40,86.21,2021-08-05 11:53:26,0
CUST1421,21.0,Female,North,Secondary,Salaried,509668.1,607945.8,Other,690.0,1,67,42.39,2019-09-04 13:30:30,0
CUST1422,36.0,Male,West,Secondary,Self-Employed,639005.0,463315.45,Business,707.0,1,113,50.51,2016-10-12 20:13:47,0
CUST1423,59.0,Male,South,Graduate,Self-Employed,448343.59,243554.89,Car,,6,179,87.72,2019-09-23 06:44:08,0
CUST1424,25.0,Female,North,Graduate,Salaried,373876.93,302822.86,Other,,9,195,32.1,2020-03-11 13:15:49,1
CUST1425,42.0,Male,East,Graduate,Salaried,724542.24,124251.85,Business,688.0,0,137,73.39,2016-03-29 08:08:10,0
CUST1426,49.0,Male,South,Primary,Salaried,725905.92,554358.43,Business,666.0,5,167,28.02,2020-06-27 13:53:24,0
CUST1427,23.0,Female,East,Graduate,Salaried,439136.85,584593.3,Other,745.0,6,34,64.52,2022-09-04 17:26:47,0
CUST1428,32.0,Male,South,Primary,Self-Employed,779071.09,323504.06,Car,701.0,7,28,30.29,2015-12-04 10:36:38,1
CUST1429,46.0,Female,North,Primary,Salaried,473684.45,453529.6,Business,746.0,6,145,80.7,2021-01-31 18:53:51,0
CUST1430,36.0,Male,East,Post-Graduate,Salaried,650633.05,326293.02,Other,669.0,5,12,54.92,2018-10-21 01:31:36,1
CUST1431,57.0,Male,East,Secondary,Salaried,764068.8,99491.18,Car,727.0,8,95,24.87,2015-04-01 01:50:34,1
CUST1432,42.0,Male,South,Graduate,Salaried,593277.49,238226.49,Other,762.0,2,154,27.95,2020-04-13 06:05:43,1
CUST1433,49.0,Male,East,Graduate,Salaried,690948.18,319789.2,Other,746.0,10,151,49.51,2018-04-21 08:51:44,1
CUST1434,,Female,South,Secondary,Self-Employed,496714.07,231817.84,Business,625.0,5,18,86.93,2018-03-16 06:13:11,0
CUST1435,48.0,Male,South,Post-Graduate,Unemployed,560706.68,267202.01,Car,667.0,3,199,71.57,2023-04-27 13:39:08,0
CUST1436,25.0,Female,South,Primary,Self-Employed,558828.11,286290.07,Business,663.0,1,103,49.06,2017-09-29 04:05:13,0
CUST1437,50.0,Male,South,Graduate,Salaried,450684.33,287868.23,Home,704.0,0,158,37.02,2017-09-07 13:43:58,0
CUST1438,25.0,Female,North,Post-Graduate,Self-Employed,564645.17,307838.77,Home,714.0,11,174,53.94,2016-05-21 04:51:17,0
CUST1439,32.0,Female,South,Graduate,Self-Employed,290276.34,140909.24,Car,638.0,11,148,69.87,2017-09-20 17:19:12,0
CUST1440,36.0,Female,West,Post-Graduate,Self-Employed,501769.25,192447.58,Other,683.0,0,29,72.71,2015-05-20 00:44:32,0
CUST1441,46.0,Male,East,Primary,,543024.9,107312.36,Business,579.0,10,44,35.97,2016-01-20 12:08:39,0
CUST1442,46.0,Male,West,Graduate,Salaried,548764.05,446672.33,Business,752.0,9,62,67.69,2022-02-13 01:03:19,0
CUST1443,41.0,Male,North,Secondary,Salaried,551700.51,-15847.04,Car,654.0,2,184,62.62,2020-05-21 16:00:28,1
CUST1444,59.0,Female,West,Graduate,Salaried,587647.16,473038.55,Car,683.0,3,119,86.73,2023-09-17 10:57:35,0
CUST1445,56.0,Male,East,Post-Graduate,Salaried,695888.3,507952.41,Home,665.0,1,189,84.49,2023-12-20 12:24:42,0
CUST1446,53.0,Female,West,Secondary,Salaried,774903.41,254672.91,Education,737.0,11,145,73.15,2022-12-22 15:29:35,0
CUST1447,50.0,Female,North,Graduate,Salaried,470046.95,-90470.56,Car,538.0,10,13,67.87,2015-05-22 06:49:30,0
CUST1448,,Male,South,Secondary,Self-Employed,359359.83,245803.42,Education,679.0,10,164,31.92,2019-05-30 20:59:14,1
CUST1449,43.0,Female,West,Graduate,Salaried,391591.12,290372.38,Car,675.0,10,181,77.68,2022-08-10 17:04:32,0
CUST1450,,Male,North,Graduate,,502559.42,148410.27,Other,657.0,0,177,44.2,2023-06-07 12:20:33,0
CUST1451,25.0,Male,North,Post-Graduate,Unemployed,529615.74,222717.24,Other,766.0,3,111,31.78,2015-04-22 22:43:24,0
CUST1452,56.0,Female,East,Graduate,Unemployed,446000.79,529529.28,Home,636.0,6,56,40.73,2019-04-03 09:37:13,0
CUST1453,54.0,Female,East,Secondary,Self-Employed,340776.67,399739.07,Home,719.0,9,103,76.87,2020-04-26 09:14:12,0
CUST1454,51.0,Female,West,Secondary,Unemployed,508775.83,161315.38,Education,698.0,10,181,21.89,2017-11-11 19:45:29,0
CUST1455,30.0,Male,South,Secondary,,636285.32,60360.12,Car,743.0,5,57,46.49,2015-09-10 21:17:33,0
CUST1456,39.0,Male,North,Secondary,Unemployed,,250947.4,Business,647.0,5,100,49.39,2023-03-14 02:02:56,1
CUST1457,,Female,West,Secondary,Salaried,488515.39,267981.48,Home,643.0,10,189,12.93,2015-04-12 02:09:03,0
CUST1458,21.0,Female,North,Post-Graduate,Salaried,,374429.88,Business,735.0,8,93,25.66,2022-12-19 20:53:18,0
CUST1459,25.0,Female,North,Graduate,Salaried,414660.34,219702.49,Business,701.0,1,77,76.14,2022-07-17 14:52:17,0
CUST1460,24.0,Male,South,Graduate,Salaried,593712.17,376724.94,Car,603.0,3,148,76.46,2019-06-12 14:07:05,0
CUST1461,36.0,Female,South,Secondary,Salaried,430314.27,590273.11,Education,653.0,4,134,33.39,2023-04-12 18:46:23,0
CUST1462,44.0,Male,West,Post-Graduate,Self-Employed,714625.56,422325.15,Car,699.0,0,82,79.99,2021-09-02 07:44:19,0
CUST1463,36.0,Male,South,Graduate,Self-Employed,242826.7,292786.72,Home,722.0,7,13,71.74,2016-06-18 20:21:11,1
CUST1464,22.0,Female,South,Primary,Salaried,528074.07,272527.43,Business,646.0,7,85,43.43,2022-01-06 10:54:07,0
CUST1465,48.0,Male,West,Graduate,Salaried,660221.47,246499.03,Car,,5,82,69.87,2017-02-26 07:32:52,1
CUST1466,52.0,Female,South,Graduate,Self-Employed,636766.9,477096.14,Car,706.0,11,86,86.91,2018-02-23 11:48:44,0
CUST1467,47.0,Male,East,Primary,Self-Employed,1138606.73,205902.98,Car,619.0,4,57,46.72,2022-11-13 18:10:03,1
CUST1468,40.0,Male,North,Graduate,Salaried,669960.0,306783.41,Home,579.0,7,163,29.07,2015-08-10 18:38:08,0
CUST1469,44.0,Female,North,Graduate,Self-Employed,399189.08,307679.69,Education,538.0,2,111,85.35,2015-11-22 14:27:31,0
CUST1470,32.0,Female,North,Secondary,Salaried,1742721.4500000002,449464.74,Car,721.0,2,115,58.3,2023-07-21 07:23:27,0
CUST1471,55.0,Female,North,Post-Graduate,Salaried,244750.73,94130.17,Home,686.0,1,86,18.42,2023-08-30 19:30:26,1
CUST1472,53.0,Female,West,Post-Graduate,Unemployed,583880.05,348446.18,Business,669.0,4,48,55.81,2023-08-17 00:36:09,1
CUST1473,53.0,Female,North,Graduate,Salaried,,290849.4,Other,749.0,2,67,50.05,2021-02-20 08:57:47,0
CUST1474,63.0,Female,North,Graduate,Salaried,783078.06,375036.07,Home,712.0,2,28,78.45,2022-04-24 21:38:04,0
CUST1475,57.0,Female,North,Graduate,Self-Employed,490091.95,219959.95,Other,761.0,5,97,52.46,2022-05-23 12:03:08,0
CUST1476,32.0,Male,North,Graduate,Self-Employed,576646.82,483123.19,Car,610.0,7,122,30.42,2020-03-09 16:34:41,0
CUST1477,23.0,Female,East,Graduate,,472888.43,168483.93,Car,678.0,1,86,64.05,2018-02-07 04:27:14,0
CUST1478,21.0,Male,North,Primary,Salaried,947770.27,556806.04,Home,599.0,3,86,53.41,2020-11-20 11:43:21,1
CUST1479,53.0,Other,East,Graduate,Salaried,535751.45,37854.52,Other,669.0,10,195,28.64,2021-12-26 00:01:38,0
CUST1480,60.0,Female,West,Post-Graduate,Self-Employed,966511.41,365215.51,Car,,6,37,55.89,2015-02-09 21:13:30,0
CUST1481,,Male,South,Graduate,Salaried,762830.35,371314.6,Business,711.0,0,75,75.72,2016-07-23 14:55:10,0
CUST1482,63.0,Female,North,Primary,Salaried,696413.35,180666.44,Education,682.0,0,19,12.29,2021-08-02 07:38:34,0
CUST1483,64.0,Female,South,Graduate,Unemployed,673746.63,363659.09,Education,711.0,11,135,60.47,2018-06-03 18:12:21,0
CUST1484,49.0,Male,South,Secondary,Salaried,678759.46,491927.8,Car,715.0,9,67,37.97,2015-08-12 22:03:31,0
CUST1485,33.0,Female,West,Secondary,Salaried,214465.48,-32522.83,Other,788.0,6,151,33.41,2023-08-12 11:13:27,0
CUST1486,32.0,Female,South,Secondary,Salaried,544223.32,375411.72,Car,664.0,6,134,41.41,2018-08-23 05:04:06,0
CUST1487,51.0,Male,East,Secondary,Self-Employed,769031.59,-73990.62,Other,633.0,0,121,37.36,2021-05-22 18:33:28,0
CUST1488,22.0,Female,South,Graduate,Salaried,590220.56,155150.28,Business,692.0,0,93,76.58,2021-07-15 03:53:03,0
CUST1489,55.0,Male,South,Graduate,Salaried,956886.0900000001,1088749.9,Other,640.0,3,152,31.98,2015-06-11 16:45:40,0
CUST1490,43.0,Female,South,Secondary,Self-Employed,589519.11,212732.69,Car,754.0,4,105,68.65,2019-08-29 16:49:01,0
CUST1491,37.0,Other,North,Post-Graduate,Salaried,940821.1,123918.01,Business,666.0,4,42,17.52,2020-10-23 19:08:52,1
CUST1492,46.0,Female,North,Post-Graduate,Salaried,849378.34,270309.34,Home,652.0,3,154,86.11,2015-07-24 16:27:47,0
CUST1493,28.0,Male,East,Post-Graduate,Salaried,587599.2,610185.95,Education,656.0,7,161,59.79,2021-09-09 09:22:29,0
CUST1494,49.0,Female,East,Secondary,Salaried,790289.86,25247.66,Car,716.0,6,167,66.54,2018-10-06 21:28:49,1
CUST1495,46.0,Female,North,Graduate,Salaried,526698.6,142303.51,Car,672.0,8,199,33.84,2015-09-22 04:02:42,0
CUST1496,30.0,Male,East,Post-Graduate,Salaried,259225.68,524614.75,Car,648.0,6,150,42.97,2022-02-14 22:15:13,0
CUST1497,46.0,Female,North,Graduate,Salaried,415106.8,578655.35,Business,763.0,9,199,27.9,2019-10-26 02:08:55,1
CUST1498,,Male,West,Primary,Salaried,912577.75,284485.32,Home,637.0,0,56,84.6,2018-04-29 06:24:23,1
CUST1499,61.0,Female,South,Primary,Self-Employed,545201.38,114142.09,Other,682.0,6,121,49.05,2020-01-01 17:40:28,0
CUST1500,27.0,Male,South,Graduate,Unemployed,551323.2,614376.53,Home,713.0,0,153,60.44,2023-01-28 05:50:06,0
CUST1501,24.0,Male,East,Post-Graduate,Self-Employed,1620097.08,1078332.72,Business,598.0,6,52,68.74,2021-01-16 17:39:16,0
CUST1502,31.0,Male,North,Graduate,Self-Employed,980827.32,401842.05,Car,704.0,9,17,39.69,2020-10-28 21:48:20,0
CUST1503,49.0,Female,North,Graduate,Salaried,925191.78,178139.65,Education,627.0,7,12,67.61,2020-07-11 00:53:22,0
CUST1504,56.0,Male,East,Secondary,Unemployed,1043756.05,292645.6,Car,721.0,10,134,64.08,2020-03-14 05:29:34,0
CUST1505,45.0,Female,North,Graduate,Salaried,568190.96,275945.99,Other,632.0,8,21,66.45,2017-02-22 02:02:10,1
CUST1506,41.0,Male,West,Post-Graduate,,659124.9,349627.7,Education,715.0,11,93,49.14,2021-07-04 06:26:59,0
CUST1507,56.0,Male,South,Secondary,Unemployed,296671.49,517650.22,Car,735.0,2,25,40.63,2020-07-23 15:33:42,0
CUST1508,30.0,Female,East,Graduate,Self-Employed,895386.89,431912.56,Education,723.0,3,87,27.77,2021-04-28 10:14:19,0
CUST1509,57.0,Female,East,Post-Graduate,Unemployed,366444.09,138393.59,Home,693.0,3,68,75.97,2022-03-19 22:39:23,0
CUST1510,29.0,Male,North,Secondary,Salaried,643355.11,506474.47,Business,668.0,11,186,58.67,2016-06-14 09:57:37,0
CUST1511,44.0,Female,East,Graduate,Salaried,380539.49,346969.82,Car,651.0,8,72,45.55,2020-02-25 00:09:04,0
CUST1512,55.0,Female,West,Secondary,Salaried,482226.63,403059.87,Other,754.0,6,199,85.52,2015-04-01 05:01:27,0
CUST1513,55.0,Female,North,Graduate,Salaried,,519981.13,Home,645.0,2,58,13.83,2022-07-30 00:10:56,0
CUST1514,56.0,Male,North,Graduate,Salaried,478424.95,133262.96,Car,628.0,9,60,78.01,2015-09-07 20:33:10,1
CUST1515,38.0,Male,North,Graduate,Self-Employed,492175.46,294626.16,Home,713.0,4,42,89.81,2020-12-04 06:09:03,0
CUST1516,,Female,North,Graduate,Unemployed,490346.24,220281.82,Other,640.0,6,39,80.96,2022-12-15 22:58:38,1
CUST1517,52.0,Male,West,Secondary,Salaried,766666.78,64821.09,Car,,7,196,74.83,2016-02-22 17:58:17,0
CUST1518,44.0,Female,North,Post-Graduate,Self-Employed,379027.44,352006.5,Other,608.0,0,85,39.94,2018-08-10 14:26:19,0
CUST1519,,Female,East,Graduate,Unemployed,644108.29,676733.48,Education,656.0,11,24,28.51,2017-12-28 22:56:47,0
CUST1520,52.0,Female,West,Secondary,Unemployed,843591.83,23988.34,Other,676.0,1,91,68.79,2019-09-23 22:22:22,0
CUST1521,57.0,Female,South,Graduate,Unemployed,497360.73,295157.91,Education,692.0,6,101,34.37,2016-11-24 09:49:50,0
CUST1522,32.0,Other,South,Graduate,Salaried,456416.22,396081.44,Car,728.0,10,32,24.08,2019-05-16 15:15:50,0
CUST1523,33.0,Male,East,Secondary,Unemployed,553895.07,318461.73,Education,706.0,1,103,72.92,2023-12-09 06:02:16,0
CUST1524,43.0,Female,East,Post-Graduate,Self-Employed,835945.04,283030.79,Car,670.0,6,54,35.0,2023-07-15 22:28:03,0
CUST1525,45.0,Male,West,Post-Graduate,Salaried,638821.53,105117.55,Car,670.0,8,71,83.16,2023-11-30 09:57:13,0
CUST1526,55.0,Male,South,Secondary,Salaried,493757.14,334918.01,Business,706.0,10,24,77.25,2016-03-11 11:55:08,0
CUST1527,61.0,Female,South,Post-Graduate,Self-Employed,696775.33,186485.4,Car,744.0,1,55,77.81,2016-06-15 23:53:00,0
CUST1528,50.0,Female,South,Secondary,Salaried,379541.57,-28488.26,Education,,6,73,71.73,2017-10-23 18:47:36,0
CUST1529,37.0,Other,South,Secondary,Self-Employed,736271.9,479188.83,Business,657.0,3,183,80.47,2018-04-19 10:03:15,0
CUST1530,40.0,Female,South,Secondary,Self-Employed,681721.46,443757.87,Business,630.0,10,193,74.46,2020-03-31 02:47:37,0
CUST1531,45.0,Male,North,Post-Graduate,Salaried,538438.31,307749.15,Car,608.0,1,181,58.2,2016-04-28 22:55:14,0
CUST1532,42.0,Male,East,Graduate,Salaried,432282.84,334361.2,Other,713.0,6,84,33.67,2019-07-31 17:41:11,0
CUST1533,33.0,Female,North,Secondary,Self-Employed,422663.82,461147.7,Other,709.0,4,166,81.06,2021-06-16 13:02:22,0
CUST1534,,Male,South,Graduate,Salaried,706963.47,333650.95,Business,709.0,0,199,77.25,2017-03-11 19:33:36,0
CUST1535,56.0,Male,West,Graduate,Salaried,845796.1,435602.63,Car,674.0,4,61,47.83,2018-02-21 16:04:24,0
CUST1536,32.0,Male,West,Primary,Salaried,472538.45,255377.67,Other,750.0,11,191,13.13,2018-08-07 16:22:56,0
CUST1537,61.0,Male,South,Post-Graduate,Salaried,691677.34,496797.56,Car,656.0,11,97,61.08,2022-05-23 01:55:45,1
CUST1538,39.0,Male,South,Post-Graduate,Unemployed,182594.6,348117.86,Car,728.0,2,66,14.05,2018-06-03 16:51:18,0
CUST1539,32.0,Male,West,Graduate,Salaried,483076.45,329107.79,Business,678.0,6,92,84.1,2023-03-20 17:31:49,0
CUST1540,,Male,North,Post-Graduate,,593788.21,109490.84,Business,650.0,5,75,86.93,2021-05-17 20:02:58,0
CUST1541,27.0,Male,North,Graduate,Salaried,418063.32,343043.38,Home,710.0,7,159,25.16,2015-05-08 15:55:40,0
CUST1542,48.0,Other,South,Post-Graduate,Salaried,1238096.19,350413.52,Other,700.0,4,29,64.11,2018-11-07 20:34:04,0
CUST1543,34.0,Male,North,Graduate,Self-Employed,466444.09,204257.59,Other,698.0,1,42,17.38,2017-06-11 16:34:01,0
CUST1544,51.0,Male,West,Graduate,Self-Employed,658438.55,177693.66,Other,684.0,8,81,68.36,2021-06-08 05:50:33,0
CUST1545,39.0,Female,North,Secondary,Salaried,,140064.76,Education,678.0,10,34,37.78,2018-01-24 21:41:31,0
CUST1546,36.0,Male,South,Post-Graduate,Salaried,152353.75,618715.71,Car,799.0,7,55,64.48,2016-05-31 15:00:14,1
CUST1547,25.0,Female,West,Graduate,Salaried,175859.97,499700.86,Business,739.0,5,82,39.83,2023-06-07 19:01:39,0
CUST1548,55.0,Female,North,Secondary,Salaried,478626.96,588055.13,Other,716.0,9,107,21.65,2019-09-13 19:40:19,0
CUST1549,32.0,Male,East,Primary,Self-Employed,691537.32,116565.75,Home,686.0,6,66,42.49,2023-10-05 09:30:44,0
CUST1550,45.0,Male,West,Graduate,Salaried,50499.03,310688.06,Other,730.0,8,96,19.01,2017-11-03 15:41:24,0
CUST1551,41.0,Female,West,Graduate,Salaried,500053.96,105973.86,Car,706.0,6,142,56.15,2017-11-25 23:30:04,0
CUST1552,56.0,Female,East,Graduate,,494750.43,195645.77,Car,,2,64,13.28,2017-08-23 12:44:23,0
CUST1553,43.0,Male,East,Post-Graduate,Unemployed,877667.56,162280.95,Business,665.0,5,70,52.19,2018-11-09 15:53:37,0
CUST1554,36.0,Female,West,Primary,Unemployed,522995.64,485937.6,Education,676.0,10,98,80.91,2017-10-05 03:21:16,1
CUST1555,59.0,Male,East,Graduate,Salaried,676597.8,240565.55,Business,521.0,10,17,77.03,2020-03-17 16:05:58,0
CUST1556,62.0,Other,South,Secondary,Self-Employed,628251.43,460256.9,Other,691.0,6,25,80.62,2016-03-25 03:20:40,0
CUST1557,59.0,Male,South,Post-Graduate,Salaried,173886.7,390618.13,Home,656.0,1,185,83.76,2016-11-12 05:21:01,0
CUST1558,34.0,Female,South,Post-Graduate,Salaried,753641.44,645545.81,Business,,2,125,18.36,2020-06-27 19:45:15,0
CUST1559,51.0,Female,West,Graduate,Self-Employed,643079.3,78083.37,Education,681.0,3,70,20.3,2016-12-09 15:41:09,0
CUST1560,25.0,Female,East,Graduate,Unemployed,701653.73,488884.99,Business,621.0,9,24,54.56,2022-04-19 21:44:05,0
CUST1561,55.0,Female,East,Secondary,Unemployed,1385247.54,471966.13,Car,678.0,5,159,81.52,2016-02-17 17:24:31,1
CUST1562,43.0,Male,North,Graduate,Salaried,183177.41,153993.17,Other,628.0,0,140,87.95,2020-11-29 21:16:14,0
CUST1563,49.0,Male,North,Post-Graduate,Salaried,944939.33,451070.0,Other,704.0,8,111,13.7,2020-12-08 23:29:54,0
CUST1564,63.0,Male,East,Graduate,Self-Employed,542510.5,350421.74,Other,695.0,4,63,38.46,2016-02-29 11:17:22,1
CUST1565,31.0,Male,East,Secondary,Salaried,657465.78,265878.56,Other,728.0,11,23,27.03,2017-10-24 17:45:53,0
CUST1566,38.0,Female,East,Graduate,Salaried,590897.55,176409.68,Other,640.0,6,45,70.48,2017-01-13 11:40:09,0
CUST1567,,Male,West,Post-Graduate,Salaried,515152.73,192133.58,Other,682.0,8,114,61.22,2018-12-21 01:57:32,0
CUST1568,29.0,Male,East,Secondary,Self-Employed,486033.41,607471.81,Home,612.0,8,91,19.59,2017-10-28 05:32:41,0
CUST1569,30.0,Other,North,Secondary,Salaried,665901.75,300102.42,Education,715.0,0,76,48.68,2022-06-20 00:44:43,0
CUST1570,64.0,Female,West,Graduate,Salaried,296565.26,417319.5,Other,706.0,0,19,64.84,2021-08-16 12:08:54,0
CUST1571,37.0,Female,East,Post-Graduate,Unemployed,750115.83,181365.09,Education,,2,58,72.32,2015-11-15 21:47:46,0
CUST1572,58.0,Other,North,Secondary,Salaried,516761.12,183022.06,Other,680.0,5,120,11.6,2021-05-19 02:30:17,0
CUST1573,27.0,Male,West,Secondary,,373986.13,462297.72,Business,701.0,1,74,81.24,2023-01-23 00:09:34,0
CUST1574,33.0,Male,East,Secondary,Salaried,509997.43,97563.57,Other,760.0,9,66,55.54,2015-10-22 20:15:34,0
CUST1575,60.0,Female,East,Secondary,Salaried,851429.84,237717.93,Car,666.0,11,36,74.95,2023-02-13 06:42:32,1
CUST1576,62.0,Female,East,Graduate,Salaried,492932.98,305104.11,Home,687.0,10,122,74.64,2020-12-04 08:49:12,0
CUST1577,29.0,Male,West,Graduate,Salaried,671690.72,316705.89,Business,626.0,0,142,25.19,2023-11-06 04:58:05,1
CUST1578,47.0,Female,North,Graduate,Self-Employed,453808.74,273136.01,Business,637.0,0,80,18.81,2021-06-20 08:26:28,0
CUST1579,22.0,Male,North,Graduate,Salaried,751584.37,359372.97,Car,685.0,4,92,67.7,2015-02-16 18:13:35,0
CUST1580,25.0,Male,South,Secondary,Unemployed,737101.55,403928.36,Other,735.0,3,66,22.51,2018-10-28 17:37:47,0
CUST1581,49.0,Female,East,Post-Graduate,Salaried,969721.77,410195.63,Home,667.0,0,129,77.99,2022-12-24 03:10:12,0
CUST1582,57.0,Female,South,Graduate,Salaried,564887.21,152129.43,Business,668.0,3,102,68.1,2018-11-23 14:26:47,0
CUST1583,58.0,Female,South,Post-Graduate,Salaried,733730.96,257376.74,Home,660.0,2,24,77.35,2022-02-03 23:19:25,0
CUST1584,39.0,Male,North,Graduate,Salaried,1858840.53,958428.86,Business,653.0,1,120,33.92,2022-04-21 16:37:24,0
CUST1585,28.0,Female,West,Secondary,Self-Employed,859174.36,434197.08,Other,695.0,8,110,35.33,2022-03-23 09:42:37,0
CUST1586,21.0,Male,West,Graduate,Salaried,456233.52,94071.08,Business,605.0,10,128,63.7,2015-03-27 03:22:28,0
CUST1587,42.0,Male,North,Secondary,Salaried,749001.06,352721.99,Business,744.0,0,85,12.52,2022-09-24 19:07:24,0
CUST1588,37.0,Female,West,Graduate,Self-Employed,561060.54,3266.21,Education,647.0,6,167,68.12,2019-11-16 01:11:13,0
CUST1589,27.0,Female,South,Primary,Unemployed,587162.36,307040.24,Other,716.0,3,29,76.86,2018-03-09 05:50:52,0
CUST1590,45.0,Female,East,Secondary,Self-Employed,618350.5,584665.05,Car,617.0,4,174,43.21,2019-09-16 18:22:59,1
CUST1591,24.0,Female,North,Post-Graduate,Salaried,650448.08,157816.09,Car,713.0,9,140,71.19,2023-12-24 04:15:03,0
CUST1592,56.0,Female,East,Secondary,Self-Employed,576754.19,174851.54,Other,714.0,4,82,23.97,2021-02-14 10:56:23,0
CUST1593,26.0,Female,West,Post-Graduate,,642942.64,414604.47,Car,,0,131,35.78,2019-10-10 10:21:44,0
CUST1594,51.0,Male,East,Secondary,Salaried,915623.61,68579.77,Other,630.0,5,50,87.94,2020-04-04 00:13:35,0
CUST1595,39.0,Male,West,Graduate,Salaried,797089.94,205086.75,Car,692.0,8,176,88.91,2022-06-01 16:02:51,0
CUST1596,64.0,Male,West,Graduate,Salaried,773830.92,389466.17,Education,621.0,1,163,51.01,2022-06-17 00:20:42,0
CUST1597,59.0,Male,South,Graduate,Salaried,508892.09,204857.12,Car,667.0,6,139,84.74,2018-08-19 02:37:03,0
CUST1598,47.0,Female,West,Secondary,Salaried,422151.83,264604.5,Business,731.0,5,32,51.82,2016-09-09 16:18:33,0
CUST1599,30.0,Female,South,Secondary,Self-Employed,791060.11,411627.86,Other,720.0,4,32,33.33,2015-08-28 03:04:00,1
CUST1600,46.0,Male,South,Primary,Salaried,775209.36,363231.91,Home,681.0,3,153,31.35,2015-05-29 10:40:30,1
CUST1601,39.0,Male,South,Secondary,Salaried,894534.14,340022.76,Home,631.0,3,18,84.36,2021-02-19 09:05:51,0
CUST1602,59.0,Female,North,Graduate,Salaried,479203.87,249131.66,Other,712.0,5,22,23.8,2023-04-29 09:49:34,0
CUST1603,23.0,Male,North,Post-Graduate,Unemployed,554090.27,355509.17,Education,681.0,3,165,56.37,2019-06-20 18:20:27,1
CUST1604,33.0,Female,West,Post-Graduate,Salaried,272103.17,281440.1,Car,564.0,4,164,54.44,2017-12-10 19:00:59,1
CUST1605,48.0,Female,South,Graduate,Salaried,521505.78,368670.84,Education,719.0,5,60,69.17,2023-05-06 07:26:44,0
CUST1606,40.0,Female,North,Graduate,Self-Employed,799314.1,225460.2,Home,679.0,4,73,49.94,2021-09-15 09:45:14,0
CUST1607,48.0,Female,South,Graduate,Self-Employed,506700.92,272614.65,Other,740.0,6,61,31.78,2021-08-03 00:34:07,1
CUST1608,28.0,Female,East,Secondary,Salaried,728095.96,151506.33,Other,625.0,8,47,23.55,2016-09-16 21:55:28,0
CUST1609,61.0,Male,East,Post-Graduate,Self-Employed,561899.38,294748.86,Education,521.0,9,109,59.67,2019-05-07 05:26:02,0
CUST1610,59.0,Female,East,Graduate,Self-Employed,664811.41,178349.87,Education,694.0,6,155,67.52,2017-05-02 16:13:28,0
CUST1611,21.0,Female,West,Graduate,,370461.72,132893.03,Car,695.0,6,60,55.56,2019-03-15 00:15:48,1
CUST1612,23.0,Male,South,Secondary,Salaried,617041.89,338799.17,Business,595.0,3,146,69.07,2022-01-13 07:24:53,1
CUST1613,33.0,Female,East,Graduate,Self-Employed,1772.81,331910.97,Business,631.0,0,150,21.32,2018-10-14 07:28:58,0
CUST1614,48.0,Female,North,Graduate,Salaried,562620.77,417431.06,Car,818.0,7,177,80.6,2019-07-26 02:11:36,0
CUST1615,45.0,Female,East,Post-Graduate,,273905.35,235331.16,Business,665.0,3,64,56.59,2023-07-14 11:42:55,0
CUST1616,53.0,Female,East,Graduate,Salaried,841198.9,361207.93,Home,717.0,0,118,20.15,2016-01-13 23:55:04,1
CUST1617,58.0,Female,East,Secondary,Salaried,755481.47,382619.64,Business,647.0,4,180,46.95,2016-05-29 06:46:39,0
CUST1618,26.0,Female,West,Post-Graduate,Salaried,693334.2,366716.07,Car,575.0,7,53,77.58,2015-02-28 08:43:16,1
CUST1619,64.0,Female,North,Secondary,Self-Employed,904201.25,176151.95,Business,671.0,3,119,81.8,2017-05-01 02:00:52,0
CUST1620,52.0,Female,South,Graduate,Salaried,410216.7,322404.52,Other,667.0,11,170,31.17,2016-11-07 13:55:45,1
CUST1621,41.0,Female,North,Primary,Salaried,949472.64,354621.04,Education,660.0,7,161,66.9,2018-07-06 15:48:43,0
CUST1622,36.0,Female,South,Graduate,Salaried,786438.31,301076.77,Home,674.0,7,173,18.0,2020-06-04 16:20:43,0
CUST1623,41.0,Female,West,Post-Graduate,Salaried,552688.94,-12971.65,Other,693.0,2,137,12.68,2023-07-22 15:54:26,0
CUST1624,31.0,Male,West,Secondary,Unemployed,,324073.44,Other,672.0,8,114,54.83,2019-04-07 11:51:28,0
CUST1625,57.0,Female,West,Post-Graduate,Salaried,378741.3,631879.66,Car,,2,19,65.59,2023-06-11 17:06:59,1
CUST1626,56.0,Female,West,Secondary,Salaried,435097.17,245994.11,Education,704.0,0,109,73.66,2023-09-29 14:06:22,0
CUST1627,55.0,Male,South,Post-Graduate,Salaried,478282.06,190788.44,Education,,1,157,37.22,2017-12-24 03:03:57,0
CUST1628,39.0,Female,East,Graduate,Salaried,494204.46,356002.28,Home,577.0,5,118,10.52,2020-03-10 19:17:37,0
CUST1629,40.0,Male,South,Post-Graduate,Salaried,388688.47,346856.73,Car,717.0,11,117,48.36,2016-10-14 20:22:53,1
CUST1630,38.0,Male,North,Primary,Self-Employed,844616.61,478910.27,Home,705.0,9,149,11.27,2020-12-15 09:56:49,0
CUST1631,61.0,Female,West,Post-Graduate,Unemployed,548229.12,111319.78,Business,677.0,1,199,17.36,2021-03-24 18:08:41,0
CUST1632,34.0,Male,West,Graduate,Salaried,670500.99,409707.04,Other,610.0,5,155,36.14,2018-09-21 09:57:30,0
CUST1633,,Female,North,Secondary,Self-Employed,485929.73,388563.31,Home,645.0,0,103,44.97,2015-01-12 12:09:59,0
CUST1634,51.0,Female,South,Post-Graduate,Self-Employed,235879.34,278678.02,Other,667.0,10,72,32.36,2019-11-05 20:12:22,0
CUST1635,21.0,Female,East,Secondary,Self-Employed,,350803.1,Car,600.0,0,93,56.55,2021-08-04 21:44:39,0
CUST1636,23.0,Male,East,Post-Graduate,Salaried,217549.0,454418.62,Business,643.0,4,34,14.43,2017-01-12 01:12:49,0
CUST1637,36.0,Male,North,Secondary,Salaried,586273.19,430847.31,Car,713.0,9,21,21.57,2021-03-20 15:18:04,1
CUST1638,43.0,Female,East,Graduate,Salaried,326336.99,128547.1,Business,,10,158,65.62,2020-02-28 07:55:30,1
CUST1639,,Other,South,Graduate,Self-Employed,997455.2,423023.73,Business,659.0,8,34,21.37,2016-01-30 16:12:13,0
CUST1640,32.0,Female,South,Primary,Self-Employed,782272.54,290296.71,Other,718.0,7,20,61.18,2023-06-28 20:18:38,0
CUST1641,30.0,Male,North,Secondary,Salaried,,310931.11,Car,584.0,2,73,14.37,2021-03-28 01:21:25,0
CUST1642,52.0,Female,South,Primary,Salaried,852741.34,310979.55,Car,,2,135,42.59,2020-08-24 04:30:04,0
CUST1643,36.0,Female,West,Graduate,Unemployed,430736.8,277463.55,Home,640.0,0,59,24.19,2017-04-10 10:07:40,0
CUST1644,28.0,Female,North,Secondary,Self-Employed,708695.88,478756.12,Car,695.0,2,199,18.77,2021-11-20 08:18:58,1
CUST1645,58.0,Male,South,Graduate,,639962.09,287442.31,Home,668.0,11,98,55.36,2020-03-11 22:24:08,0
CUST1646,32.0,Female,North,Secondary,Self-Employed,652804.02,132068.08,Education,746.0,11,108,84.27,2023-10-14 02:18:23,0
CUST1647,44.0,Female,East,Secondary,Salaried,854470.7,240970.52,Education,636.0,11,125,14.38,2018-06-19 12:28:12,1
CUST1648,48.0,Other,South,Graduate,Salaried,,326804.21,Education,711.0,10,105,43.72,2022-10-14 23:22:23,1
CUST1649,28.0,Male,West,Primary,Self-Employed,657744.73,484382.22,Car,666.0,0,186,66.6,2022-09-11 08:56:09,0
CUST1650,48.0,Female,South,Post-Graduate,Salaried,269022.51,390464.2,Car,672.0,7,23,47.02,2020-03-23 02:07:21,0
CUST1651,56.0,Female,North,Post-Graduate,Salaried,407990.74,172419.71,Home,671.0,0,10,74.52,2015-07-04 21:43:34,0
CUST1652,46.0,Male,North,Graduate,Self-Employed,575458.21,672778.49,Business,638.0,4,34,24.37,2021-08-29 08:24:04,0
CUST1653,28.0,Female,South,Graduate,Salaried,618674.47,339716.3,Home,679.0,8,196,86.77,2016-04-28 08:12:06,0
CUST1654,48.0,Female,West,Post-Graduate,Self-Employed,373959.26,491308.61,Education,677.0,6,81,40.81,2015-03-20 18:33:15,0
CUST1655,,Male,West,Secondary,Salaried,1082335.34,277242.83,Home,692.0,3,78,37.33,2015-09-04 13:27:01,0
CUST1656,57.0,Male,West,Primary,Unemployed,903278.81,380003.89,Business,684.0,10,142,79.97,2018-03-03 20:59:38,1
CUST1657,,Female,North,Secondary,Salaried,720423.66,425920.28,Car,720.0,8,114,55.11,2018-01-19 01:21:38,0
CUST1658,56.0,Male,South,Graduate,Salaried,614407.37,482729.21,Home,726.0,8,156,51.32,2016-07-14 12:08:58,0
CUST1659,47.0,Female,East,Primary,Self-Employed,557558.21,458605.25,Education,627.0,1,32,68.16,2016-02-28 07:26:51,0
CUST1660,37.0,Male,North,Graduate,Salaried,409616.31,430829.55,Education,723.0,9,18,56.39,2021-07-11 23:48:03,0
CUST1661,29.0,Female,West,Post-Graduate,Self-Employed,615496.1,252736.99,Car,621.0,9,127,23.0,2016-09-24 12:47:58,0
CUST1662,53.0,Male,South,Post-Graduate,,651550.51,214238.09,Home,709.0,10,103,63.94,2018-06-17 02:44:11,1
CUST1663,40.0,Female,West,Graduate,Salaried,351647.88,349891.13,Business,711.0,11,187,20.68,2020-07-30 11:39:22,0
CUST1664,33.0,Other,East,Primary,Salaried,666835.28,439969.21,Car,584.0,5,153,74.47,2016-06-16 03:19:43,0
CUST1665,48.0,Other,West,Post-Graduate,Salaried,568948.19,266591.89,Home,685.0,3,42,89.18,2018-05-20 22:28:18,0
CUST1666,49.0,Female,West,Graduate,Salaried,218438.49,459775.79,Other,657.0,7,139,40.19,2015-06-12 17:54:39,0
CUST1667,33.0,Male,East,Secondary,Unemployed,427923.0,517892.51,Education,642.0,11,23,45.58,2015-07-01 01:38:21,0
CUST1668,55.0,Female,South,Primary,Self-Employed,517278.89,162551.86,Business,748.0,10,10,13.71,2015-09-26 07:44:59,0
CUST1669,26.0,Male,North,Post-Graduate,Self-Employed,977537.53,174461.89,Business,647.0,6,99,11.1,2019-06-23 02:38:17,0
CUST1670,38.0,Male,South,Graduate,Self-Employed,711310.62,278943.74,Business,640.0,6,195,83.71,2016-07-26 23:04:14,0
CUST1671,25.0,Male,East,Post-Graduate,Salaried,332903.69,346141.9,Education,684.0,10,98,20.29,2020-12-31 14:44:21,0
CUST1672,45.0,Female,West,Post-Graduate,Unemployed,,442629.9,Home,714.0,9,153,45.66,2015-09-23 11:43:54,0
CUST1673,22.0,Female,South,Graduate,Self-Employed,290539.2,502830.4,Car,,8,99,75.23,2019-07-15 04:36:09,1
CUST1674,30.0,Female,North,Graduate,Self-Employed,816538.21,363610.03,Home,738.0,4,184,81.15,2023-01-25 05:36:35,1
CUST1675,50.0,Male,East,Graduate,Self-Employed,505775.07,305917.06,Car,707.0,5,181,51.55,2017-06-30 16:13:27,1
CUST1676,25.0,Male,South,Secondary,Salaried,581272.76,84613.57,Business,571.0,0,23,55.2,2015-03-20 12:19:24,0
CUST1677,53.0,Other,North,Graduate,Self-Employed,865159.33,102627.63,Home,654.0,5,161,63.57,2022-12-24 15:28:31,0
CUST1678,21.0,Male,East,Graduate,Salaried,342567.29,342151.39,Business,652.0,1,120,86.91,2015-09-22 15:42:56,0
CUST1679,38.0,Male,North,Graduate,Salaried,320576.36,-19889.34,Other,704.0,5,192,58.21,2019-02-19 04:15:08,1
CUST1680,52.0,Male,East,Post-Graduate,Salaried,483280.13,451895.61,Business,549.0,8,152,54.76,2021-04-18 12:10:28,0
CUST1681,31.0,Female,West,Graduate,Unemployed,807675.77,276276.92,Business,807.0,7,92,11.16,2023-09-19 14:53:59,0
CUST1682,41.0,Female,South,Graduate,Self-Employed,,786463.95,Car,707.0,8,81,16.48,2017-03-18 13:52:24,0
CUST1683,46.0,Male,North,Graduate,Self-Employed,33568.88,646187.44,Other,687.0,9,171,56.17,2021-02-11 21:56:43,0
CUST1684,45.0,Male,East,Graduate,Self-Employed,509768.23,272782.64,Business,739.0,7,139,84.9,2018-01-05 07:25:51,0
CUST1685,42.0,Female,North,Graduate,Salaried,710348.16,284049.45,Business,797.0,2,36,79.34,2017-02-19 23:01:46,0
CUST1686,47.0,Female,North,Secondary,Unemployed,840052.35,449337.23,Other,724.0,7,83,88.61,2021-01-09 00:46:11,0
CUST1687,33.0,Male,South,Graduate,Salaried,507367.73,555475.89,Other,727.0,5,108,52.23,2020-04-19 00:35:58,0
CUST1688,,Female,West,Secondary,Salaried,517714.68,54295.64,Home,687.0,5,81,73.03,2017-09-24 02:41:01,0
CUST1689,54.0,Male,North,Secondary,Salaried,,64087.36,Car,673.0,5,32,77.23,2022-03-21 22:11:56,0
CUST1690,61.0,Male,East,Graduate,Self-Employed,226051.66,206694.78,Other,656.0,2,77,61.84,2018-12-13 17:52:40,1
CUST1691,55.0,Female,East,Graduate,Self-Employed,522295.84,387410.64,Other,639.0,9,151,37.1,2020-11-03 21:10:51,0
CUST1692,21.0,Male,West,Post-Graduate,Salaried,638084.78,374531.04,Education,646.0,0,126,47.6,2020-08-10 21:50:16,0
CUST1693,41.0,Female,East,Graduate,Salaried,689843.74,460465.72,Other,612.0,11,115,78.63,2016-05-15 05:19:37,0
CUST1694,26.0,Male,West,Graduate,Self-Employed,498038.66,120045.37,Car,676.0,3,102,33.88,2022-06-10 03:04:28,0
CUST1695,48.0,Male,East,Graduate,Salaried,606888.2,-47421.58,Business,596.0,9,74,83.9,2023-09-22 21:06:53,0
CUST1696,37.0,Other,South,Graduate,Self-Employed,102334.53,428702.13,Business,690.0,11,77,28.38,2016-07-17 03:17:52,0
CUST1697,,Male,North,Primary,Unemployed,468350.32,175770.56,Business,,5,137,69.96,2023-11-09 18:15:09,0
CUST1698,51.0,Female,South,Secondary,Salaried,690701.74,-2773.18,Business,687.0,10,72,60.44,2023-02-17 02:30:07,0
CUST1699,25.0,Male,North,Secondary,Salaried,403541.19,321759.56,Education,654.0,11,122,69.97,2019-11-08 23:54:55,1
